游资标签,标签类型,席位ID,当前分组,当前元数据有效,开盘红完整标签,营业部全称,营业部归一键,独立观测次数,双源证据记录数,YYB日表匹配次数,龙虎榜动向匹配次数,名称直接命中观测,金额精确命中观测,首次观测,最近观测,金额中位误差_pct,金额最大误差_pct,标签观测占比_pct,置信度,匹配依据
三板组,策略/量化集群,88,庄股,是,庄股系列：三板组,信达证券股份有限公司温州瓯江路证券营业部,信达证券股份有限公司温州瓯江路证券营业部,2,2,2,0,0,2,2025-04-30,2026-03-25,0.0,0.0,33.33,B-中,同日同股金额精确匹配
三板组,策略/量化集群,88,庄股,是,庄股系列：三板组,招商证券股份有限公司深圳建安路证券营业部,招商证券股份有限公司深圳建安路证券营业部,2,2,2,0,0,2,2025-08-20,2025-09-23,9.9e-05,0.000198,33.33,B-中,同日同股金额精确匹配
三板组,策略/量化集群,88,庄股,是,庄股系列：三板组,华林证券股份有限公司深圳福华三路证券营业部,华林证券股份有限公司深圳福华三路证券营业部,1,1,1,0,0,1,2025-03-05,2025-03-05,0.0,0.0,16.67,C-低,同日同股金额精确匹配
三板组,策略/量化集群,88,庄股,是,庄股系列：三板组,申万宏源证券有限公司金华八一北街证券营业部,申万宏源证券有限公司金华八一北街证券营业部,1,1,1,0,0,1,2026-04-23,2026-04-23,2e-06,2e-06,16.67,C-低,同日同股金额精确匹配
南京帮,地域游资集群,93,庄股,是,短线主力：南京帮,华鑫证券有限责任公司深圳财富大厦证券营业部,华鑫证券有限责任公司深圳财富大厦证券营业部,7,7,7,0,0,7,2025-04-11,2025-09-10,0.0,0.0,53.85,A-高,同日同股金额精确匹配
南京帮,地域游资集群,93,庄股,是,短线主力：南京帮,华福证券有限责任公司南京胜太路证券营业部,华福证券有限责任公司南京胜太路证券营业部,2,2,2,0,0,2,2025-08-29,2025-09-17,0.0,0.0,15.38,B-中,同日同股金额精确匹配
南京帮,地域游资集群,93,庄股,是,短线主力：南京帮,首创证券股份有限公司徐州新淮海西路证券营业部,首创证券股份有限公司徐州新淮海西路证券营业部,2,2,2,0,0,2,2025-03-21,2025-04-07,0.0,1e-06,15.38,B-中,同日同股金额精确匹配
南京帮,地域游资集群,93,庄股,是,短线主力：南京帮,粤开证券股份有限公司青岛分公司,粤开证券股份有限公司青岛分公司,1,1,1,0,0,0,2025-03-17,2025-03-17,2.956018,2.956018,7.69,C-低,同日同股金额近似匹配
南京帮,地域游资集群,93,庄股,是,短线主力：南京帮,长江证券股份有限公司荆州北京西路证券营业部,长江证券股份有限公司荆州北京西路证券营业部,1,1,1,0,0,1,2025-10-13,2025-10-13,0.0,0.0,7.69,C-低,同日同股金额精确匹配
温州帮,地域游资集群,11,庄股,是,短线主力：温州帮,国泰海通证券股份有限公司深圳福田中心区华融大厦证券营业部,国泰系深圳福田中心区华融大厦证券营业部,1,1,1,0,0,0,2025-09-01,2025-09-01,2.655096,2.655096,25.0,C-低,同日同股金额近似匹配
温州帮,地域游资集群,11,庄股,是,短线主力：温州帮,天风证券股份有限公司杭州教工路证券营业部,天风证券股份有限公司杭州教工路证券营业部,1,1,1,0,0,1,2025-09-05,2025-09-05,0.0,0.0,25.0,C-低,同日同股金额精确匹配
温州帮,地域游资集群,11,庄股,是,短线主力：温州帮,海通证券股份有限公司杭州富春路证券营业部,海通证券股份有限公司杭州富春路证券营业部,1,1,1,0,0,0,2025-03-13,2025-03-13,0.439174,0.439174,25.0,C-低,同日同股金额近似匹配
温州帮,地域游资集群,11,庄股,是,短线主力：温州帮,长江证券股份有限公司深圳红荔路证券营业部,长江证券股份有限公司深圳红荔路证券营业部,1,1,1,0,0,1,2025-05-08,2025-05-08,0.0,0.0,25.0,C-低,同日同股金额精确匹配
N周二,游资别名/路线席位,61,一线游资,是,游资系列：N周二,中信证券股份有限公司杭州凤起路证券营业部,中信证券股份有限公司杭州凤起路证券营业部,108,108,1,107,0,108,2025-01-09,2025-12-17,9.8e-05,0.000445,100.0,A-高,同日同股金额精确匹配
上塘路,游资别名/路线席位,64,一线游资,是,游资系列：上塘路,联储证券股份有限公司杭州环城北路证券营业部,联储证券股份有限公司杭州环城北路证券营业部,132,166,130,36,0,132,2025-03-10,2026-06-23,0.0,0.000286,42.17,A-高,同日同股金额精确匹配
上塘路,游资别名/路线席位,64,一线游资,是,游资系列：上塘路,联储证券股份有限公司浙江分公司,联储证券股份有限公司浙江分公司,128,185,100,85,0,128,2025-01-02,2026-06-15,2e-06,0.000417,40.89,A-高,同日同股金额精确匹配
上塘路,游资别名/路线席位,64,一线游资,是,游资系列：上塘路,财通证券股份有限公司杭州上塘路证券营业部,财通证券股份有限公司杭州上塘路证券营业部,46,63,39,24,46,45,2025-01-02,2026-04-29,3e-06,96.417752,14.7,A-高,营业部名称直接含标签；同日同股金额精确匹配；同日同股金额近似匹配
上塘路,游资别名/路线席位,64,一线游资,是,游资系列：上塘路,财通证券股份有限公司杭州体育场路证券营业部,财通证券股份有限公司杭州体育场路证券营业部,6,7,6,1,0,6,2025-06-18,2026-02-12,2e-06,3.2e-05,1.92,A-高,同日同股金额精确匹配
上塘路,游资别名/路线席位,64,一线游资,是,游资系列：上塘路,华鑫证券有限责任公司深圳财富大厦证券营业部,华鑫证券有限责任公司深圳财富大厦证券营业部,1,1,1,0,0,0,2025-09-01,2025-09-01,2.253417,2.253417,0.32,C-低,同日同股金额近似匹配
中山东路,游资别名/路线席位,95,一线游资,是,游资系列：中山东路,国泰海通证券股份有限公司上海松江区中山东路证券营业部,国泰系上海松江区中山东路证券营业部,568,960,568,392,568,568,2025-05-07,2026-06-23,1e-06,99.722252,84.15,A-高,营业部名称直接含标签；同日同股金额精确匹配
中山东路,游资别名/路线席位,95,一线游资,是,游资系列：中山东路,国泰君安证券股份有限公司上海松江中山东路证券营业部,国泰系上海松江中山东路证券营业部,68,98,43,55,68,68,2025-02-07,2025-04-07,1.5e-05,93.918153,10.07,A-高,营业部名称直接含标签；同日同股金额精确匹配
中山东路,游资别名/路线席位,95,一线游资,是,游资系列：中山东路,国泰海通证券股份有限公司上海松江中山东路证券营业部,国泰系上海松江中山东路证券营业部,37,65,37,28,37,37,2025-04-08,2025-05-08,2e-06,0.000336,5.48,A-高,营业部名称直接含标签；同日同股金额精确匹配
中山东路,游资别名/路线席位,95,一线游资,是,游资系列：中山东路,东方财富证券股份有限公司拉萨东环路第二证券营业部,东方财富证券股份有限公司拉萨东环路第二证券营业部,1,1,0,1,0,0,2025-02-10,2025-02-10,1.188852,1.188852,0.15,C-低,同日同股金额近似匹配
中山东路,游资别名/路线席位,95,一线游资,是,游资系列：中山东路,国泰海通证券股份有限公司上海长宁区江苏路证券营业部,国泰系上海长宁区江苏路证券营业部,1,1,0,1,0,0,2025-09-30,2025-09-30,0.928146,0.928146,0.15,C-低,同日同股金额近似匹配
余哥,游资别名/路线席位,78,一线游资,是,游资系列：余哥,东吴证券股份有限公司苏州相城大道证券营业部,东吴证券股份有限公司苏州相城大道证券营业部,2,2,0,2,0,2,2025-12-26,2025-12-26,5.2e-05,7.7e-05,50.0,B-中,同日同股金额精确匹配
余哥,游资别名/路线席位,78,一线游资,是,游资系列：余哥,财通证券股份有限公司普陀山证券营业部,财通证券股份有限公司普陀山证券营业部,2,2,2,0,0,2,2025-10-10,2025-11-07,4.9e-05,9.8e-05,50.0,B-中,同日同股金额精确匹配
佛山系,地域游资集群,10,一线游资,是,游资系列：佛山系,国泰海通证券股份有限公司三亚迎宾路证券营业部,国泰系三亚迎宾路证券营业部,111,177,106,71,0,111,2025-04-08,2026-06-23,0.0,0.000486,80.43,A-高,同日同股金额精确匹配
佛山系,地域游资集群,10,一线游资,是,游资系列：佛山系,国盛证券有限责任公司佛山分公司,国盛证券佛山分公司,11,16,8,8,0,11,2025-01-03,2025-09-25,0.0,0.000309,7.97,A-高,同日同股金额精确匹配
佛山系,地域游资集群,10,一线游资,是,游资系列：佛山系,国泰君安证券股份有限公司三亚迎宾路证券营业部,国泰系三亚迎宾路证券营业部,7,9,2,7,0,7,2025-01-06,2025-04-01,1e-06,0.000434,5.07,A-高,同日同股金额精确匹配
佛山系,地域游资集群,10,一线游资,是,游资系列：佛山系,光大证券股份有限公司佛山绿景路证券营业部,光大证券股份有限公司佛山绿景路证券营业部,3,5,3,2,0,3,2025-12-15,2026-03-18,0.0,0.000234,2.17,A-高,同日同股金额精确匹配
佛山系,地域游资集群,10,一线游资,是,游资系列：佛山系,长江证券股份有限公司武汉武珞路证券营业部,长江证券股份有限公司武汉武珞路证券营业部,3,3,3,0,0,3,2025-03-20,2025-09-11,0.0,1e-06,2.17,A-高,同日同股金额精确匹配
佛山系,地域游资集群,10,一线游资,是,游资系列：佛山系,国泰海通证券股份有限公司总部,国泰系总部,1,1,1,0,0,0,2025-09-24,2025-09-24,2.893912,2.893912,0.72,C-低,同日同股金额近似匹配
佛山系,地域游资集群,10,一线游资,是,游资系列：佛山系,国盛证券股份有限公司佛山分公司,国盛证券佛山分公司,1,1,1,0,0,1,2026-01-30,2026-01-30,1e-06,1e-06,0.72,C-低,同日同股金额精确匹配
佛山系,地域游资集群,10,一线游资,是,游资系列：佛山系,长江证券股份有限公司佛山普澜二路证券营业部,长江证券股份有限公司佛山普澜二路证券营业部,1,2,1,1,0,1,2026-04-09,2026-04-09,1e-06,2e-06,0.72,C-低,同日同股金额精确匹配
华鑫宁波分,游资别名/路线席位,77,一线游资,是,游资系列：华鑫宁波分,华鑫证券有限责任公司宁波分公司,华鑫证券有限责任公司宁波分公司,4,4,4,0,0,4,2025-05-08,2026-02-05,0.0,0.0,100.0,A-高,同日同股金额精确匹配
向往街,游资别名/路线席位,103,一线游资,是,游资系列：向往街,广发证券股份有限公司杭州向往街证券营业部,广发证券股份有限公司杭州向往街证券营业部,39,53,38,15,39,39,2025-08-21,2026-03-25,0.0,0.000238,100.0,A-高,营业部名称直接含标签；同日同股金额精确匹配
宁波解放南,游资别名/路线席位,27,一线游资,是,游资系列：宁波解放南,光大证券股份有限公司宁波解放南路证券营业部,光大证券股份有限公司宁波解放南路证券营业部,3,3,3,0,3,3,2025-09-11,2026-06-10,5e-06,0.000261,100.0,A-高,营业部名称直接含标签；同日同股金额精确匹配
屠文斌,游资别名/路线席位,83,一线游资,是,游资系列：屠文斌,平安证券股份有限公司宁波海晏北路证券营业部,平安证券股份有限公司宁波海晏北路证券营业部,25,38,25,13,0,25,2025-03-20,2026-06-18,1e-06,0.000271,54.35,A-高,同日同股金额精确匹配
屠文斌,游资别名/路线席位,83,一线游资,是,游资系列：屠文斌,中国银河证券股份有限公司上海杨浦区靖宇东路证券营业部,中国银河证券股份有限公司上海杨浦区靖宇东路证券营业部,20,29,20,9,0,20,2025-03-26,2026-06-17,0.0,0.000171,43.48,A-高,同日同股金额精确匹配
屠文斌,游资别名/路线席位,83,一线游资,是,游资系列：屠文斌,国泰海通证券股份有限公司三亚迎宾路证券营业部,国泰系三亚迎宾路证券营业部,1,1,1,0,0,0,2025-08-28,2025-08-28,0.499957,0.499957,2.17,C-低,同日同股金额近似匹配
思明南路,游资别名/路线席位,82,一线游资,是,游资系列：思明南路,东亚前海证券有限责任公司上海分公司,东亚前海证券有限责任公司上海分公司,305,456,268,188,0,305,2025-01-02,2026-06-23,2e-06,0.000375,98.07,A-高,同日同股金额精确匹配
思明南路,游资别名/路线席位,82,一线游资,是,游资系列：思明南路,东莞证券股份有限公司湖北分公司,东莞证券股份有限公司湖北分公司,5,5,4,1,0,5,2025-01-02,2026-05-26,0.0,2.3e-05,1.61,A-高,同日同股金额精确匹配
思明南路,游资别名/路线席位,82,一线游资,是,游资系列：思明南路,东方财富证券股份有限公司拉萨团结路第一证券营业部,东方财富证券股份有限公司拉萨团结路第一证券营业部,1,1,0,1,0,0,2025-02-21,2025-02-21,2.628599,2.628599,0.32,C-低,同日同股金额近似匹配
成都系,地域游资集群,7,一线游资,是,游资系列：成都系,国泰海通证券股份有限公司成都北一环路证券营业部,国泰系成都北一环路证券营业部,855,1387,828,559,0,855,2025-04-08,2026-06-23,1e-06,0.000491,89.62,A-高,同日同股金额精确匹配
成都系,地域游资集群,7,一线游资,是,游资系列：成都系,国泰君安证券股份有限公司成都北一环路证券营业部,国泰系成都北一环路证券营业部,63,87,35,52,0,63,2025-01-03,2025-04-07,2.2e-05,0.000349,6.6,A-高,同日同股金额精确匹配
成都系,地域游资集群,7,一线游资,是,游资系列：成都系,国泰海通证券股份有限公司成都天府二街第一证券营业部,国泰系成都天府二街第一证券营业部,32,48,32,16,0,32,2025-05-20,2026-04-01,0.0,0.00019,3.35,A-高,同日同股金额精确匹配
成都系,地域游资集群,7,一线游资,是,游资系列：成都系,中信建投证券股份有限公司成都马家花园证券营业部,中信建投证券股份有限公司成都马家花园证券营业部,2,2,2,0,0,2,2025-04-08,2025-11-19,2e-06,5e-06,0.21,B-中,同日同股金额精确匹配
成都系,地域游资集群,7,一线游资,是,游资系列：成都系,中国银河证券股份有限公司成都科华北路证券营业部,中国银河证券股份有限公司成都科华北路证券营业部,2,3,2,1,0,2,2025-05-19,2025-07-22,0.0,2.9e-05,0.21,B-中,同日同股金额精确匹配
杭州帮,地域游资集群,6,一线游资,是,游资系列：杭州帮,中信建投证券股份有限公司杭州庆春路证券营业部,中信建投证券股份有限公司杭州庆春路证券营业部,8,8,8,0,0,8,2025-05-20,2026-02-13,0.0,1e-06,100.0,A-高,同日同股金额精确匹配
消闲派,游资别名/路线席位,89,一线游资,是,游资系列：消闲派,国泰海通证券股份有限公司宜昌沿江大道证券营业部,国泰系宜昌沿江大道证券营业部,348,560,340,220,0,348,2025-04-08,2026-06-15,0.0,0.000445,65.29,A-高,同日同股金额精确匹配
消闲派,游资别名/路线席位,89,一线游资,是,游资系列：消闲派,国泰君安证券股份有限公司宜昌沿江大道证券营业部,国泰系宜昌沿江大道证券营业部,177,227,79,148,0,177,2025-01-02,2025-04-07,2.7e-05,0.000438,33.21,A-高,同日同股金额精确匹配
消闲派,游资别名/路线席位,89,一线游资,是,游资系列：消闲派,国泰海通证券股份有限公司武汉紫阳东路证券营业部,国泰系武汉紫阳东路证券营业部,7,7,0,7,0,7,2026-02-26,2026-02-26,6.5e-05,0.000177,1.31,A-高,同日同股金额精确匹配
消闲派,游资别名/路线席位,89,一线游资,是,游资系列：消闲派,东方财富证券股份有限公司拉萨东环路第二证券营业部,东方财富证券股份有限公司拉萨东环路第二证券营业部,1,1,0,1,0,0,2025-02-17,2025-02-17,1.023383,1.023383,0.19,C-低,同日同股金额近似匹配
深南东路,游资别名/路线席位,101,一线游资,是,游资系列：深南东路,广发证券股份有限公司深圳深南东路证券营业部,广发证券股份有限公司深圳深南东路证券营业部,65,80,64,16,65,49,2025-05-15,2026-06-12,4e-06,73.664868,22.73,A-高,营业部名称直接含标签；同日同股金额精确匹配；同日同股金额近似匹配
深南东路,游资别名/路线席位,101,一线游资,是,游资系列：深南东路,国联民生证券股份有限公司宁波分公司,国联民生证券股份有限公司宁波分公司,53,63,48,15,0,52,2025-08-14,2026-06-08,0.0,0.833528,18.53,A-高,同日同股金额精确匹配；同日同股金额近似匹配
深南东路,游资别名/路线席位,101,一线游资,是,游资系列：深南东路,广发证券股份有限公司深圳广电金融中心证券营业部,广发证券股份有限公司深圳广电金融中心证券营业部,43,43,43,0,0,43,2025-05-30,2025-12-02,0.0,0.000142,15.03,A-高,同日同股金额精确匹配
深南东路,游资别名/路线席位,101,一线游资,是,游资系列：深南东路,国联民生证券股份有限公司宁波财神殿南路证券营业部,国联民生证券股份有限公司宁波财神殿南路证券营业部,28,32,28,4,0,27,2025-08-28,2026-05-08,0.0,0.220667,9.79,A-高,同日同股金额精确匹配；同日同股金额近似匹配
深南东路,游资别名/路线席位,101,一线游资,是,游资系列：深南东路,广发证券股份有限公司深圳后海证券营业部,广发证券股份有限公司深圳后海证券营业部,18,21,17,4,0,18,2025-08-18,2026-06-23,0.0,4.7e-05,6.29,A-高,同日同股金额精确匹配
深南东路,游资别名/路线席位,101,一线游资,是,游资系列：深南东路,广发证券股份有限公司深圳福华一路证券营业部,广发证券股份有限公司深圳福华一路证券营业部,17,17,17,0,0,17,2025-05-20,2026-02-26,0.0,3e-06,5.94,A-高,同日同股金额精确匹配
深南东路,游资别名/路线席位,101,一线游资,是,游资系列：深南东路,方正证券股份有限公司宁波中山西路证券营业部,方正证券股份有限公司宁波中山西路证券营业部,17,19,16,3,0,17,2025-03-05,2026-04-24,0.0,0.00016,5.94,A-高,同日同股金额精确匹配
深南东路,游资别名/路线席位,101,一线游资,是,游资系列：深南东路,国联民生证券股份有限公司宁波战船街证券营业部,国联民生证券股份有限公司宁波战船街证券营业部,16,18,16,2,0,16,2025-04-23,2026-06-10,0.0,0.000171,5.59,A-高,同日同股金额精确匹配
深南东路,游资别名/路线席位,101,一线游资,是,游资系列：深南东路,国联民生证券股份有限公司慈溪影清路证券营业部,国联民生证券股份有限公司慈溪影清路证券营业部,15,16,13,3,0,14,2025-11-10,2026-06-23,0.0,0.843089,5.24,A-高,同日同股金额精确匹配；同日同股金额近似匹配
深南东路,游资别名/路线席位,101,一线游资,是,游资系列：深南东路,方正证券股份有限公司长沙留芳岭证券营业部,方正证券股份有限公司长沙留芳岭证券营业部,11,12,7,5,0,11,2025-08-19,2026-06-11,2e-06,0.000245,3.85,A-高,同日同股金额精确匹配
深南东路,游资别名/路线席位,101,一线游资,是,游资系列：深南东路,中国银河证券股份有限公司大连黄河路证券营业部,中国银河证券股份有限公司大连黄河路证券营业部,1,1,1,0,0,0,2025-11-18,2025-11-18,2.474733,2.474733,0.35,C-低,同日同股金额近似匹配
深南东路,游资别名/路线席位,101,一线游资,是,游资系列：深南东路,平安证券股份有限公司深圳深南东路罗湖商务中心证券营业部,平安证券股份有限公司深圳深南东路罗湖商务中心证券营业部,1,1,1,0,1,0,2025-04-10,2025-04-10,49.199533,49.199533,0.35,B-中,营业部名称直接含标签；同日同股金额近似匹配
深南东路,游资别名/路线席位,101,一线游资,是,游资系列：深南东路,广发证券股份有限公司深圳福华一路营业部,广发证券股份有限公司深圳福华一路营业部,1,1,1,0,0,1,2026-01-05,2026-01-05,0.000129,0.000129,0.35,C-低,同日同股金额精确匹配
湖滨四季,游资别名/路线席位,90,一线游资,是,游资系列：湖滨四季,甬兴证券有限公司杭州金城路证券营业部,甬兴证券有限公司杭州金城路证券营业部,20,22,19,3,0,20,2025-03-06,2025-11-14,0.0,7.2e-05,86.96,A-高,同日同股金额精确匹配
湖滨四季,游资别名/路线席位,90,一线游资,是,游资系列：湖滨四季,东亚前海证券有限责任公司上海临港新片区分公司,东亚前海证券有限责任公司上海临港新片区分公司,2,2,2,0,0,2,2026-01-30,2026-02-11,0.000193,0.000386,8.7,B-中,同日同股金额精确匹配
湖滨四季,游资别名/路线席位,90,一线游资,是,游资系列：湖滨四季,申港证券股份有限公司江苏分公司,申港证券股份有限公司江苏分公司,1,1,1,0,0,1,2026-05-12,2026-05-12,1e-06,1e-06,4.35,C-低,同日同股金额精确匹配
湖里大道,游资别名/路线席位,79,一线游资,是,游资系列：湖里大道,兴业证券股份有限公司厦门湖里大道证券营业部,兴业证券股份有限公司厦门湖里大道证券营业部,129,184,116,68,129,128,2025-01-02,2026-06-03,3e-06,88.830907,85.43,A-高,营业部名称直接含标签；同日同股金额精确匹配；同日同股金额近似匹配
湖里大道,游资别名/路线席位,79,一线游资,是,游资系列：湖里大道,东方证券股份有限公司上海浦东新区银城中路证券营业部,东方证券股份有限公司上海浦东新区银城中路证券营业部,22,33,22,11,0,22,2025-03-25,2026-06-18,2e-06,0.001317,14.57,A-高,同日同股金额精确匹配
申港广东分,游资别名/路线席位,75,一线游资,是,游资系列：申港广东分,东吴证券股份有限公司苏州干将东路证券营业部,东吴证券股份有限公司苏州干将东路证券营业部,42,55,25,30,0,42,2025-01-07,2026-04-09,1.1e-05,0.00032,100.0,A-高,同日同股金额精确匹配
越王大道,游资别名/路线席位,94,一线游资,是,游资系列：越王大道,国泰海通证券股份有限公司河源越王大道证券营业部,国泰系河源越王大道证券营业部,58,83,57,26,58,58,2025-04-08,2026-05-20,0.0,0.001594,96.67,A-高,营业部名称直接含标签；同日同股金额精确匹配
越王大道,游资别名/路线席位,94,一线游资,是,游资系列：越王大道,国泰君安证券股份有限公司河源越王大道证券营业部,国泰系河源越王大道证券营业部,2,3,2,1,2,2,2025-03-04,2025-04-07,1e-06,0.000128,3.33,A-高,营业部名称直接含标签；同日同股金额精确匹配
金田路,游资别名/路线席位,16,一线游资,是,顶级游资：金田路,光大证券股份有限公司深圳金田路证券营业部,光大证券股份有限公司深圳金田路证券营业部,9,9,9,0,9,4,2025-04-03,2026-01-15,74.951817,99.920064,69.23,A-高,营业部名称直接含标签；同日同股金额精确匹配；同日同股金额近似匹配
金田路,游资别名/路线席位,16,一线游资,是,顶级游资：金田路,申万宏源证券有限公司深圳金田路证券营业部,申万宏源证券有限公司深圳金田路证券营业部,4,4,4,0,4,4,2025-03-18,2025-12-09,2e-06,3e-06,30.77,A-高,营业部名称直接含标签；同日同股金额精确匹配
交易猿,游资别名/路线席位,69,顶级游资,是,游资系列：交易猿,华泰证券股份有限公司天津东丽开发区二纬路证券营业部,华泰证券股份有限公司天津东丽开发区二纬路证券营业部,33,41,18,23,0,33,2025-01-07,2026-01-06,3.1e-05,0.0002,97.06,A-高,同日同股金额精确匹配
交易猿,游资别名/路线席位,69,顶级游资,是,游资系列：交易猿,东方财富证券股份有限公司拉萨金融城南环路证券营业部,东方财富证券股份有限公司拉萨金融城南环路证券营业部,1,1,0,1,0,0,2025-02-19,2025-02-19,0.431971,0.431971,2.94,C-低,同日同股金额近似匹配
作手新一,游资别名/路线席位,35,顶级游资,是,游资系列：作手新一,国泰海通证券股份有限公司南京太平南路证券营业部,国泰系南京太平南路证券营业部,128,137,13,124,0,128,2025-04-09,2026-04-30,5.4e-05,0.000408,71.51,A-高,同日同股金额精确匹配
作手新一,游资别名/路线席位,35,顶级游资,是,游资系列：作手新一,国泰君安证券股份有限公司南京太平南路证券营业部,国泰系南京太平南路证券营业部,51,51,0,51,0,51,2025-01-03,2025-03-28,7.4e-05,0.000361,28.49,A-高,同日同股金额精确匹配
北京光华路,游资别名/路线席位,81,顶级游资,是,游资系列：北京光华路,国泰海通证券股份有限公司北京国贸证券营业部,国泰系北京国贸证券营业部,46,73,45,28,0,46,2025-05-14,2025-11-04,0.0,0.000308,77.97,A-高,同日同股金额精确匹配
北京光华路,游资别名/路线席位,81,顶级游资,是,游资系列：北京光华路,方正证券股份有限公司乐山龙游路证券营业部,方正证券股份有限公司乐山龙游路证券营业部,4,7,4,3,0,4,2025-05-06,2026-05-08,1e-06,8.6e-05,6.78,A-高,同日同股金额精确匹配
北京光华路,游资别名/路线席位,81,顶级游资,是,游资系列：北京光华路,广发证券股份有限公司上海浦东新区东方路证券营业部,广发证券股份有限公司上海浦东新区东方路证券营业部,3,3,0,3,0,3,2025-05-27,2025-05-29,3.9e-05,9.3e-05,5.08,A-高,同日同股金额精确匹配
北京光华路,游资别名/路线席位,81,顶级游资,是,游资系列：北京光华路,方正证券股份有限公司温州怀江路证券营业部,方正证券股份有限公司温州怀江路证券营业部,3,5,3,2,0,3,2025-05-20,2025-12-30,0.0,9.2e-05,5.08,A-高,同日同股金额精确匹配
北京光华路,游资别名/路线席位,81,顶级游资,是,游资系列：北京光华路,国泰海通证券股份有限公司北京光华路证券营业部,国泰系北京光华路证券营业部,2,4,2,2,2,2,2025-04-17,2025-04-23,1.2e-05,0.00014,3.39,A-高,营业部名称直接含标签；同日同股金额精确匹配
北京光华路,游资别名/路线席位,81,顶级游资,是,游资系列：北京光华路,华鑫证券有限责任公司北京光华路证券营业部,华鑫证券有限责任公司北京光华路证券营业部,1,1,1,0,1,0,2025-08-05,2025-08-05,75.429789,75.429789,1.69,B-中,营业部名称直接含标签；同日同股金额近似匹配
孙哥,游资别名/路线席位,96,顶级游资,是,游资系列：孙哥,中信证券股份有限公司上海凯滨路证券营业部,中信证券股份有限公司上海凯滨路证券营业部,21,29,11,18,0,21,2025-02-19,2025-03-31,3.2e-05,0.000401,100.0,A-高,同日同股金额精确匹配
小鳄鱼,游资别名/路线席位,33,顶级游资,是,游资系列：小鳄鱼,东方证券股份有限公司上海浦东新区源深路证券营业部,东方证券股份有限公司上海浦东新区源深路证券营业部,19,29,14,15,0,19,2025-02-07,2026-06-09,1.2e-05,0.000394,82.61,A-高,同日同股金额精确匹配
小鳄鱼,游资别名/路线席位,33,顶级游资,是,游资系列：小鳄鱼,天风证券股份有限公司深圳分公司,天风证券股份有限公司深圳分公司,4,4,0,4,0,4,2025-01-10,2025-02-10,0.000108,0.000206,17.39,A-高,同日同股金额精确匹配
徐晓,游资别名/路线席位,67,顶级游资,是,游资系列：徐晓,国元证券股份有限公司上海虹桥路证券营业部,国元证券股份有限公司上海虹桥路证券营业部,50,74,40,34,0,50,2025-02-10,2026-06-23,1e-06,0.000318,100.0,A-高,同日同股金额精确匹配
方新侠,游资别名/路线席位,54,顶级游资,是,游资系列：方新侠,中信证券股份有限公司西安朱雀大街证券营业部,中信证券股份有限公司西安朱雀大街证券营业部,87,129,71,58,0,87,2025-01-03,2026-06-10,2e-06,0.00047,98.86,A-高,同日同股金额精确匹配
方新侠,游资别名/路线席位,54,顶级游资,是,游资系列：方新侠,中国国际金融股份有限公司上海分公司,中国国际金融股份有限公司上海分公司,1,1,1,0,0,0,2025-10-30,2025-10-30,1.812943,1.812943,1.14,C-低,同日同股金额近似匹配
曲江池,游资别名/路线席位,85,顶级游资,是,游资系列：曲江池,国投证券股份有限公司西安曲江池南路证券营业部,国投证券股份有限公司西安曲江池南路证券营业部,81,124,72,52,81,81,2025-01-16,2026-06-23,1e-06,94.382849,100.0,A-高,营业部名称直接含标签；同日同股金额精确匹配
炒股养家,游资别名/路线席位,20,顶级游资,是,游资系列：炒股养家,华鑫证券有限责任公司上海宛平南路证券营业部,华鑫证券有限责任公司上海宛平南路证券营业部,61,93,46,47,0,61,2025-01-16,2026-06-09,7e-06,0.000425,72.62,A-高,同日同股金额精确匹配
炒股养家,游资别名/路线席位,20,顶级游资,是,游资系列：炒股养家,华鑫证券有限责任公司上海茅台路证券营业部,华鑫证券有限责任公司上海茅台路证券营业部,19,29,16,13,0,19,2025-08-19,2026-05-08,1e-06,0.000312,22.62,A-高,同日同股金额精确匹配
炒股养家,游资别名/路线席位,20,顶级游资,是,游资系列：炒股养家,华鑫证券有限责任公司上海红宝石路证券营业部,华鑫证券有限责任公司上海红宝石路证券营业部,2,2,1,1,0,2,2025-09-18,2026-01-13,9e-06,1.9e-05,2.38,B-中,同日同股金额精确匹配
炒股养家,游资别名/路线席位,20,顶级游资,是,游资系列：炒股养家,华鑫证券有限责任公司上海宛平南路营业部,华鑫证券有限责任公司上海宛平南路营业部,1,1,1,0,0,1,2026-01-27,2026-01-27,1e-06,1e-06,1.19,C-低,同日同股金额精确匹配
炒股养家,游资别名/路线席位,20,顶级游资,是,游资系列：炒股养家,国泰海通证券股份有限公司总部,国泰系总部,1,1,1,0,0,0,2025-10-17,2025-10-17,1.748569,1.748569,1.19,C-低,同日同股金额近似匹配
章盟主,游资别名/路线席位,41,顶级游资,是,游资系列：章盟主,国泰海通证券股份有限公司上海长宁区江苏路证券营业部,国泰系上海长宁区江苏路证券营业部,226,287,80,207,0,226,2025-05-30,2026-06-11,3.8e-05,0.000442,52.93,A-高,同日同股金额精确匹配
章盟主,游资别名/路线席位,41,顶级游资,是,游资系列：章盟主,国泰海通证券股份有限公司上海浦东新区海阳西路证券营业部,国泰系上海浦东新区海阳西路证券营业部,58,86,39,47,0,58,2025-05-09,2026-04-16,8e-06,0.000347,13.58,A-高,同日同股金额精确匹配
章盟主,游资别名/路线席位,41,顶级游资,是,游资系列：章盟主,国泰君安证券股份有限公司上海海阳西路证券营业部,国泰系上海海阳西路证券营业部,51,56,10,46,0,50,2025-01-16,2025-04-07,3.4e-05,1.848032,11.94,A-高,同日同股金额精确匹配；同日同股金额近似匹配
章盟主,游资别名/路线席位,41,顶级游资,是,游资系列：章盟主,国泰君安证券股份有限公司上海江苏路证券营业部,国泰系上海江苏路证券营业部,24,26,2,24,0,24,2025-01-07,2025-04-03,4.2e-05,0.000258,5.62,A-高,同日同股金额精确匹配
章盟主,游资别名/路线席位,41,顶级游资,是,游资系列：章盟主,国泰海通证券股份有限公司上海海阳西路证券营业部,国泰系上海海阳西路证券营业部,22,23,4,19,0,22,2025-04-08,2025-05-07,5e-05,0.000229,5.15,A-高,同日同股金额精确匹配
章盟主,游资别名/路线席位,41,顶级游资,是,游资系列：章盟主,国泰海通证券股份有限公司宁波广福街证券营业部,国泰系宁波广福街证券营业部,18,26,16,10,0,18,2025-07-18,2026-04-28,0.0,0.00025,4.22,A-高,同日同股金额精确匹配
章盟主,游资别名/路线席位,41,顶级游资,是,游资系列：章盟主,中信证券股份有限公司杭州延安路证券营业部,中信证券股份有限公司杭州延安路证券营业部,12,19,12,7,0,12,2026-05-28,2026-06-23,0.0,0.000192,2.81,A-高,同日同股金额精确匹配
章盟主,游资别名/路线席位,41,顶级游资,是,游资系列：章盟主,国泰君安证券股份有限公司宁波广福街证券营业部,国泰系宁波广福街证券营业部,5,5,0,5,0,5,2025-02-05,2025-03-06,4.8e-05,0.000171,1.17,A-高,同日同股金额精确匹配
章盟主,游资别名/路线席位,41,顶级游资,是,游资系列：章盟主,国泰海通证券股份有限公司上海江苏路证券营业部,国泰系上海江苏路证券营业部,4,5,2,3,0,4,2025-04-09,2025-05-07,2e-06,0.000123,0.94,A-高,同日同股金额精确匹配
章盟主,游资别名/路线席位,41,顶级游资,是,游资系列：章盟主,国泰海通证券股份有限公司上海分公司,国泰系上海分公司,3,6,3,3,0,3,2026-04-09,2026-04-20,6e-06,4.3e-05,0.7,A-高,同日同股金额精确匹配
章盟主,游资别名/路线席位,41,顶级游资,是,游资系列：章盟主,东方财富证券股份有限公司拉萨东环路第二证券营业部,东方财富证券股份有限公司拉萨东环路第二证券营业部,1,1,0,1,0,0,2025-08-04,2025-08-04,0.972616,0.972616,0.23,C-低,同日同股金额近似匹配
章盟主,游资别名/路线席位,41,顶级游资,是,游资系列：章盟主,国泰海通证券股份有限公司上海松江中山东路证券营业部,国泰系上海松江中山东路证券营业部,1,1,1,0,0,0,2025-05-08,2025-05-08,0.360332,0.360332,0.23,C-低,同日同股金额近似匹配
章盟主,游资别名/路线席位,41,顶级游资,是,游资系列：章盟主,国泰海通证券股份有限公司成都北一环路证券营业部,国泰系成都北一环路证券营业部,1,1,0,1,0,0,2025-11-03,2025-11-03,2.823752,2.823752,0.23,C-低,同日同股金额近似匹配
章盟主,游资别名/路线席位,41,顶级游资,是,游资系列：章盟主,开源证券股份有限公司西安西大街证券营业部,开源证券股份有限公司西安西大街证券营业部,1,1,0,1,0,0,2026-01-05,2026-01-05,0.634134,0.634134,0.23,C-低,同日同股金额近似匹配
赵老哥,游资别名/路线席位,25,顶级游资,是,游资系列：赵老哥,中国银河证券股份有限公司北京阜成路证券营业部,中国银河证券股份有限公司北京阜成路证券营业部,5,5,4,1,0,5,2025-02-11,2026-06-17,1e-06,0.00024,100.0,A-高,同日同股金额精确匹配
金开大道,游资别名/路线席位,9,顶级游资,是,游资系列：金开大道,方正证券股份有限公司重庆金开大道证券营业部,方正证券股份有限公司重庆金开大道证券营业部,43,72,41,31,43,43,2025-02-07,2026-05-11,1e-06,30.855109,100.0,A-高,营业部名称直接含标签；同日同股金额精确匹配
低位挖掘,策略/量化集群,43,知名游资,是,短线主力：低位挖掘,东莞证券股份有限公司四川分公司,东莞证券股份有限公司四川分公司,252,348,229,119,0,252,2025-01-07,2026-06-22,2e-06,0.000943,31.42,A-高,同日同股金额精确匹配
低位挖掘,策略/量化集群,43,知名游资,是,短线主力：低位挖掘,华鑫证券有限责任公司江苏分公司,华鑫证券有限责任公司江苏分公司,128,205,112,93,0,128,2025-01-02,2026-05-25,3e-06,0.000337,15.96,A-高,同日同股金额精确匹配
低位挖掘,策略/量化集群,43,知名游资,是,短线主力：低位挖掘,华鑫证券有限责任公司佛山南海海五路证券营业部,华鑫证券有限责任公司佛山南海海五路证券营业部,60,95,53,42,0,60,2025-01-02,2026-06-17,0.0,0.000239,7.48,A-高,同日同股金额精确匹配
低位挖掘,策略/量化集群,43,知名游资,是,短线主力：低位挖掘,东莞证券股份有限公司厦门分公司,东莞证券股份有限公司厦门分公司,51,69,47,22,0,51,2025-01-10,2026-06-23,1e-06,0.0003,6.36,A-高,同日同股金额精确匹配
低位挖掘,策略/量化集群,43,知名游资,是,短线主力：低位挖掘,开源证券股份有限公司西安西大街证券营业部,开源证券股份有限公司西安西大街证券营业部,51,53,2,51,0,51,2025-02-25,2025-05-08,9e-05,0.000299,6.36,A-高,同日同股金额精确匹配
低位挖掘,策略/量化集群,43,知名游资,是,短线主力：低位挖掘,兴业证券股份有限公司深圳分公司,兴业证券股份有限公司深圳分公司,48,75,48,27,0,48,2025-05-26,2026-06-15,1e-06,0.000348,5.99,A-高,同日同股金额精确匹配
低位挖掘,策略/量化集群,43,知名游资,是,短线主力：低位挖掘,东莞证券股份有限公司北京分公司,东莞证券股份有限公司北京分公司,35,50,32,18,0,35,2025-01-07,2026-06-23,2e-06,0.000421,4.36,A-高,同日同股金额精确匹配
低位挖掘,策略/量化集群,43,知名游资,是,短线主力：低位挖掘,东莞证券股份有限公司浙江分公司,东莞证券股份有限公司浙江分公司,27,34,17,17,0,27,2025-01-20,2026-05-12,2.1e-05,0.001282,3.37,A-高,同日同股金额精确匹配
低位挖掘,策略/量化集群,43,知名游资,是,短线主力：低位挖掘,东亚前海证券有限责任公司北京分公司,东亚前海证券有限责任公司北京分公司,23,32,16,16,0,23,2025-01-09,2026-02-26,2e-06,0.0004,2.87,A-高,同日同股金额精确匹配
低位挖掘,策略/量化集群,43,知名游资,是,短线主力：低位挖掘,中信证券股份有限公司金华分公司,中信证券股份有限公司金华分公司,18,24,16,8,0,18,2025-01-21,2026-05-27,0.0,9.8e-05,2.24,A-高,同日同股金额精确匹配
低位挖掘,策略/量化集群,43,知名游资,是,短线主力：低位挖掘,东吴证券股份有限公司苏州石路证券营业部,东吴证券股份有限公司苏州石路证券营业部,16,26,15,11,0,16,2025-03-14,2026-06-15,0.0,9e-05,2.0,A-高,同日同股金额精确匹配
低位挖掘,策略/量化集群,43,知名游资,是,短线主力：低位挖掘,兴业证券股份有限公司厦门分公司,兴业证券股份有限公司厦门分公司,15,20,15,5,0,15,2025-06-23,2026-06-12,0.0,0.000286,1.87,A-高,同日同股金额精确匹配
低位挖掘,策略/量化集群,43,知名游资,是,短线主力：低位挖掘,海通证券股份有限公司上海黄浦区福州路证券营业部,海通证券股份有限公司上海黄浦区福州路证券营业部,15,18,13,5,0,15,2025-03-27,2025-09-11,0.0,0.000223,1.87,A-高,同日同股金额精确匹配
低位挖掘,策略/量化集群,43,知名游资,是,短线主力：低位挖掘,华鑫证券有限责任公司山东分公司,华鑫证券有限责任公司山东分公司,11,12,6,6,0,11,2025-01-08,2026-06-22,2.4e-05,0.000361,1.37,A-高,同日同股金额精确匹配
低位挖掘,策略/量化集群,43,知名游资,是,短线主力：低位挖掘,开源证券股份有限公司深圳分公司,开源证券股份有限公司深圳分公司,7,8,4,4,0,7,2025-01-03,2025-09-23,1e-06,0.000114,0.87,A-高,同日同股金额精确匹配
低位挖掘,策略/量化集群,43,知名游资,是,短线主力：低位挖掘,东莞证券股份有限公司北京西城太平街证券营业部,东莞证券股份有限公司北京西城太平街证券营业部,6,6,5,1,0,6,2025-02-24,2026-06-05,0.0,5.6e-05,0.75,A-高,同日同股金额精确匹配
低位挖掘,策略/量化集群,43,知名游资,是,短线主力：低位挖掘,中国银河证券股份有限公司深圳华侨城证券营业部,中国银河证券股份有限公司深圳华侨城证券营业部,6,9,6,3,0,6,2025-06-04,2026-06-03,1e-06,0.000129,0.75,A-高,同日同股金额精确匹配
低位挖掘,策略/量化集群,43,知名游资,是,短线主力：低位挖掘,申万宏源证券有限公司北京劲松九区证券营业部,申万宏源证券有限公司北京劲松九区证券营业部,6,7,6,1,0,6,2025-04-24,2026-06-22,0.0,0.000115,0.75,A-高,同日同股金额精确匹配
低位挖掘,策略/量化集群,43,知名游资,是,短线主力：低位挖掘,国都证券股份有限公司北京阜外大街证券营业部,国都证券股份有限公司北京阜外大街证券营业部,5,6,5,1,0,5,2025-03-06,2026-03-25,8e-06,0.00041,0.62,A-高,同日同股金额精确匹配
低位挖掘,策略/量化集群,43,知名游资,是,短线主力：低位挖掘,中信建投证券股份有限公司西安南大街证券营业部,中信建投证券股份有限公司西安南大街证券营业部,4,4,4,0,0,4,2025-04-11,2026-05-29,0.0,1e-06,0.5,A-高,同日同股金额精确匹配
低位挖掘,策略/量化集群,43,知名游资,是,短线主力：低位挖掘,兴业证券股份有限公司厦门穆厝路证券营业部,兴业证券股份有限公司厦门穆厝路证券营业部,3,4,3,1,0,3,2025-03-12,2025-12-09,0.0,8.5e-05,0.37,A-高,同日同股金额精确匹配
低位挖掘,策略/量化集群,43,知名游资,是,短线主力：低位挖掘,华福证券有限责任公司福州西环中路证券营业部,华福证券有限责任公司福州西环中路证券营业部,3,4,3,1,0,3,2025-03-17,2025-06-20,1e-06,5.2e-05,0.37,A-高,同日同股金额精确匹配
低位挖掘,策略/量化集群,43,知名游资,是,短线主力：低位挖掘,华福证券股份有限公司福州湖东路证券营业部,华福证券股份有限公司福州湖东路证券营业部,2,3,2,1,0,2,2026-03-04,2026-06-23,0.0,0.0,0.25,B-中,同日同股金额精确匹配
低位挖掘,策略/量化集群,43,知名游资,是,短线主力：低位挖掘,东吴证券股份有限公司上海西藏南路证券营业部,东吴证券股份有限公司上海西藏南路证券营业部,1,1,0,1,0,0,2026-01-14,2026-01-14,0.494632,0.494632,0.12,C-低,同日同股金额近似匹配
低位挖掘,策略/量化集群,43,知名游资,是,短线主力：低位挖掘,东方财富证券股份有限公司上海东方路证券营业部,东方财富证券股份有限公司上海东方路证券营业部,1,1,0,1,0,0,2025-09-30,2025-09-30,1.268404,1.268404,0.12,C-低,同日同股金额近似匹配
低位挖掘,策略/量化集群,43,知名游资,是,短线主力：低位挖掘,东海证券股份有限公司泉州丰泽街证券营业部,东海证券股份有限公司泉州丰泽街证券营业部,1,1,0,1,0,0,2025-05-21,2025-05-21,0.82085,0.82085,0.12,C-低,同日同股金额近似匹配
低位挖掘,策略/量化集群,43,知名游资,是,短线主力：低位挖掘,东莞证券股份有限公司福建分公司,东莞证券股份有限公司福建分公司,1,1,1,0,0,1,2025-07-23,2025-07-23,8e-06,8e-06,0.12,C-低,同日同股金额精确匹配
低位挖掘,策略/量化集群,43,知名游资,是,短线主力：低位挖掘,中国银河证券股份有限公司厦门嘉禾路证券营业部,中国银河证券股份有限公司厦门嘉禾路证券营业部,1,1,0,1,0,0,2025-02-05,2025-02-05,1.121197,1.121197,0.12,C-低,同日同股金额近似匹配
低位挖掘,策略/量化集群,43,知名游资,是,短线主力：低位挖掘,中国银河证券股份有限公司合肥祁门路证券营业部,中国银河证券股份有限公司合肥祁门路证券营业部,1,1,1,0,0,0,2025-04-03,2025-04-03,2.292827,2.292827,0.12,C-低,同日同股金额近似匹配
低位挖掘,策略/量化集群,43,知名游资,是,短线主力：低位挖掘,华福证券有限责任公司福州湖东路证券营业部,华福证券有限责任公司福州湖东路证券营业部,1,1,1,0,0,1,2025-12-09,2025-12-09,0.0,0.0,0.12,C-低,同日同股金额精确匹配
低位挖掘,策略/量化集群,43,知名游资,是,短线主力：低位挖掘,浙商证券股份有限公司厦门杏林东路证券营业部,浙商证券股份有限公司厦门杏林东路证券营业部,1,2,1,1,0,1,2026-06-03,2026-06-03,0.0,0.0,0.12,C-低,同日同股金额精确匹配
低位挖掘,策略/量化集群,43,知名游资,是,短线主力：低位挖掘,申万宏源证券有限公司宜昌西陵一路证券营业部,申万宏源证券有限公司宜昌西陵一路证券营业部,1,1,0,1,0,0,2025-10-15,2025-10-15,1.487303,1.487303,0.12,C-低,同日同股金额近似匹配
低位挖掘,策略/量化集群,43,知名游资,是,短线主力：低位挖掘,金融街证券股份有限公司沈阳奉天街证券营业部,金融街证券股份有限公司沈阳奉天街证券营业部,1,1,0,1,0,0,2026-06-01,2026-06-01,1.74887,1.74887,0.12,C-低,同日同股金额近似匹配
北京炒家,游资别名/路线席位,71,知名游资,是,游资系列：北京炒家,长城证券股份有限公司绵阳飞云大道证券营业部,长城证券股份有限公司绵阳飞云大道证券营业部,5,6,3,3,0,5,2025-06-03,2026-05-29,0.0,0.000246,100.0,A-高,同日同股金额精确匹配
天童南路,游资别名/路线席位,100,知名游资,是,游资系列：天童南路,国盛证券有限责任公司宁波天童南路证券营业部,国盛证券宁波天童南路证券营业部,230,311,229,82,230,228,2025-03-03,2026-01-08,0.0,99.08844,99.57,A-高,营业部名称直接含标签；同日同股金额精确匹配；同日同股金额近似匹配
天童南路,游资别名/路线席位,100,知名游资,是,游资系列：天童南路,国盛证券股份有限公司宁波天童南路证券营业部,国盛证券宁波天童南路证券营业部,1,2,1,1,1,1,2026-06-18,2026-06-18,2.6e-05,5.2e-05,0.43,B-中,营业部名称直接含标签；同日同股金额精确匹配
宁波桑田路,游资别名/路线席位,22,知名游资,是,游资系列：宁波桑田路,国盛证券有限责任公司宁波桑田路证券营业部,国盛证券宁波桑田路证券营业部,422,622,337,285,422,414,2025-01-02,2026-01-21,3e-06,97.217486,76.17,A-高,营业部名称直接含标签；同日同股金额精确匹配；同日同股金额近似匹配
宁波桑田路,游资别名/路线席位,22,知名游资,是,游资系列：宁波桑田路,国盛证券股份有限公司宁波桑田路证券营业部,国盛证券宁波桑田路证券营业部,123,198,123,75,123,123,2026-01-23,2026-06-23,2e-06,99.337078,22.2,A-高,营业部名称直接含标签；同日同股金额精确匹配
宁波桑田路,游资别名/路线席位,22,知名游资,是,游资系列：宁波桑田路,国盛证券有限责任公司宁波桑田路营业部,国盛证券宁波桑田路营业部,7,7,7,0,7,7,2025-05-14,2026-01-14,6e-06,0.000233,1.26,A-高,营业部名称直接含标签；同日同股金额精确匹配
宁波桑田路,游资别名/路线席位,22,知名游资,是,游资系列：宁波桑田路,东方财富证券股份有限公司拉萨团结路第二证券营业部,东方财富证券股份有限公司拉萨团结路第二证券营业部,1,1,0,1,0,0,2025-01-13,2025-01-13,1.865488,1.865488,0.18,C-低,同日同股金额近似匹配
宁波桑田路,游资别名/路线席位,22,知名游资,是,游资系列：宁波桑田路,光大证券股份有限公司北京总部基地证券营业部,光大证券股份有限公司北京总部基地证券营业部,1,1,1,0,0,0,2026-03-06,2026-03-06,2.228207,2.228207,0.18,C-低,同日同股金额近似匹配
涅盘重升,游资别名/路线席位,55,知名游资,是,游资系列：涅盘重升,上海证券有限责任公司苏州中心广场证券营业部,上海证券有限责任公司苏州中心广场证券营业部,6,6,1,5,0,6,2025-01-03,2025-07-23,8.1e-05,0.00012,100.0,A-高,同日同股金额精确匹配
花呗哥,游资别名/路线席位,92,知名游资,是,游资系列：花呗哥,中信建投证券股份有限公司南通工农北路证券营业部,中信建投证券股份有限公司南通工农北路证券营业部,5,6,2,4,0,5,2025-01-02,2025-05-15,1.4e-05,0.000328,83.33,A-高,同日同股金额精确匹配
花呗哥,游资别名/路线席位,92,知名游资,是,游资系列：花呗哥,中信建投证券股份有限公司上海营口路证券营业部,中信建投证券股份有限公司上海营口路证券营业部,1,1,0,1,0,0,2025-05-15,2025-05-15,2.629257,2.629257,16.67,C-低,同日同股金额近似匹配
趋势套利,策略/量化集群,68,知名游资,是,游资系列：招商深南东,招商证券股份有限公司深圳深南东路证券营业部,招商证券股份有限公司深圳深南东路证券营业部,11,11,11,0,0,11,2025-03-20,2026-06-23,2e-06,0.001299,100.0,A-高,同日同股金额精确匹配
轮回666,游资别名/路线席位,97,知名游资,是,游资系列：轮回666,华泰证券股份有限公司沈阳青年大街证券营业部,华泰证券股份有限公司沈阳青年大街证券营业部,8,11,3,8,0,8,2025-06-04,2026-01-23,3.8e-05,0.000313,100.0,A-高,同日同股金额精确匹配
量化基金,策略/量化集群,57,知名游资,是,短线主力：量化基金,中国国际金融股份有限公司上海分公司,中国国际金融股份有限公司上海分公司,1136,1136,1136,0,0,1125,2025-03-03,2026-06-23,0.0,2.690985,36.72,A-高,同日同股金额精确匹配；同日同股金额近似匹配
量化基金,策略/量化集群,57,知名游资,是,短线主力：量化基金,国泰海通证券股份有限公司总部,国泰系总部,511,511,511,0,0,427,2025-04-08,2026-06-23,1e-06,2.946144,16.52,A-高,同日同股金额精确匹配；同日同股金额近似匹配
量化基金,策略/量化集群,57,知名游资,是,短线主力：量化基金,中信证券股份有限公司上海分公司,中信证券股份有限公司上海分公司,300,300,300,0,0,259,2025-03-03,2026-06-23,1e-06,2.733909,9.7,A-高,同日同股金额精确匹配；同日同股金额近似匹配
量化基金,策略/量化集群,57,知名游资,是,短线主力：量化基金,高盛(中国)证券有限责任公司上海浦东新区世纪大道证券营业部,高盛(中国)证券有限责任公司上海浦东新区世纪大道证券营业部,226,226,226,0,0,174,2025-03-05,2026-06-23,1e-06,2.980746,7.3,A-高,同日同股金额精确匹配；同日同股金额近似匹配
量化基金,策略/量化集群,57,知名游资,是,短线主力：量化基金,华泰证券股份有限公司总部,华泰证券股份有限公司总部,131,131,131,0,0,119,2025-03-05,2026-06-23,0.0,2.933695,4.23,A-高,同日同股金额精确匹配；同日同股金额近似匹配
量化基金,策略/量化集群,57,知名游资,是,短线主力：量化基金,平安证券股份有限公司深圳分公司,平安证券股份有限公司深圳分公司,115,115,115,0,0,113,2025-03-03,2026-06-23,0.0,1.621841,3.72,A-高,同日同股金额精确匹配；同日同股金额近似匹配
量化基金,策略/量化集群,57,知名游资,是,短线主力：量化基金,瑞银证券有限责任公司上海花园石桥路证券营业部,瑞银证券有限责任公司上海花园石桥路证券营业部,113,113,113,0,0,86,2025-07-21,2026-06-17,1e-06,2.967474,3.65,A-高,同日同股金额精确匹配；同日同股金额近似匹配
量化基金,策略/量化集群,57,知名游资,是,短线主力：量化基金,摩根大通证券(中国)有限公司上海银城中路证券营业部,摩根大通证券(中国)有限公司上海银城中路证券营业部,97,97,97,0,0,76,2025-03-10,2026-05-29,1e-06,2.947278,3.14,A-高,同日同股金额精确匹配；同日同股金额近似匹配
量化基金,策略/量化集群,57,知名游资,是,短线主力：量化基金,中信证券股份有限公司北京安外大街证券营业部,中信证券股份有限公司北京安外大街证券营业部,78,78,78,0,0,78,2025-03-03,2026-06-18,0.0,0.000347,2.52,A-高,同日同股金额精确匹配
量化基金,策略/量化集群,57,知名游资,是,短线主力：量化基金,国泰君安证券股份有限公司总部,国泰系总部,57,57,57,0,0,48,2025-03-03,2025-04-07,2e-06,2.71709,1.84,A-高,同日同股金额精确匹配；同日同股金额近似匹配
量化基金,策略/量化集群,57,知名游资,是,短线主力：量化基金,中国国际金融股份有限公司北京建国门外大街证券营业部,中国国际金融股份有限公司北京建国门外大街证券营业部,53,53,53,0,0,48,2025-03-05,2026-06-12,1e-06,2.377608,1.71,A-高,同日同股金额精确匹配；同日同股金额近似匹配
量化基金,策略/量化集群,57,知名游资,是,短线主力：量化基金,瑞银证券有限责任公司上海浦东新区花园石桥路第二证券营业部,瑞银证券有限责任公司上海浦东新区花园石桥路第二证券营业部,40,40,40,0,0,34,2025-03-07,2025-07-22,1e-06,2.808715,1.29,A-高,同日同股金额精确匹配；同日同股金额近似匹配
量化基金,策略/量化集群,57,知名游资,是,短线主力：量化基金,中信证券股份有限公司深圳滨海大道证券营业部,中信证券股份有限公司深圳滨海大道证券营业部,33,33,33,0,0,31,2025-03-10,2026-06-17,0.0,2.081873,1.07,A-高,同日同股金额精确匹配；同日同股金额近似匹配
量化基金,策略/量化集群,57,知名游资,是,短线主力：量化基金,西部证券股份有限公司上海世纪大道证券营业部,西部证券股份有限公司上海世纪大道证券营业部,28,28,28,0,0,28,2025-03-14,2026-06-12,0.0,0.007072,0.9,A-高,同日同股金额精确匹配
量化基金,策略/量化集群,57,知名游资,是,短线主力：量化基金,中国中金财富证券有限公司北京宋庄路证券营业部,中国中金财富证券有限公司北京宋庄路证券营业部,16,16,16,0,0,16,2025-03-25,2026-05-15,2e-06,0.000762,0.52,A-高,同日同股金额精确匹配
量化基金,策略/量化集群,57,知名游资,是,短线主力：量化基金,开源证券股份有限公司西安太华路证券营业部,开源证券股份有限公司西安太华路证券营业部,7,7,7,0,0,0,2025-05-27,2026-05-21,2.037372,2.605343,0.23,B-中,同日同股金额近似匹配
量化基金,策略/量化集群,57,知名游资,是,短线主力：量化基金,开源证券股份有限公司西安西大街证券营业部,开源证券股份有限公司西安西大街证券营业部,6,6,6,0,0,0,2025-06-27,2025-12-09,0.772187,2.760367,0.19,B-中,同日同股金额近似匹配
量化基金,策略/量化集群,57,知名游资,是,短线主力：量化基金,华鑫证券有限责任公司上海宛平南路证券营业部,华鑫证券有限责任公司上海宛平南路证券营业部,4,4,4,0,0,0,2025-10-15,2026-03-06,0.815705,2.155889,0.13,B-中,同日同股金额近似匹配
量化基金,策略/量化集群,57,知名游资,是,短线主力：量化基金,国泰海通证券股份有限公司上海长宁区江苏路证券营业部,国泰系上海长宁区江苏路证券营业部,4,4,4,0,0,1,2025-06-26,2025-12-19,1.942457,2.24933,0.13,B-中,同日同股金额精确匹配；同日同股金额近似匹配
量化基金,策略/量化集群,57,知名游资,是,短线主力：量化基金,东方财富证券股份有限公司拉萨团结路第一证券营业部,东方财富证券股份有限公司拉萨团结路第一证券营业部,3,3,3,0,0,0,2025-04-21,2026-06-23,1.34848,1.591006,0.1,B-中,同日同股金额近似匹配
量化基金,策略/量化集群,57,知名游资,是,短线主力：量化基金,东方财富证券股份有限公司拉萨金融城南环路证券营业部,东方财富证券股份有限公司拉萨金融城南环路证券营业部,3,3,3,0,0,0,2025-04-01,2025-12-30,1.935855,2.528318,0.1,B-中,同日同股金额近似匹配
量化基金,策略/量化集群,57,知名游资,是,短线主力：量化基金,中国银河证券股份有限公司宜昌新世纪证券营业部,中国银河证券股份有限公司宜昌新世纪证券营业部,3,3,3,0,0,0,2025-11-14,2025-12-30,2.379045,2.478906,0.1,B-中,同日同股金额近似匹配
量化基金,策略/量化集群,57,知名游资,是,短线主力：量化基金,国信证券股份有限公司浙江互联网分公司,国信证券股份有限公司浙江互联网分公司,3,3,3,0,0,0,2025-07-31,2026-04-29,2.335334,2.995097,0.1,B-中,同日同股金额近似匹配
量化基金,策略/量化集群,57,知名游资,是,短线主力：量化基金,东亚前海证券有限责任公司四川分公司,东亚前海证券有限责任公司四川分公司,2,2,2,0,0,0,2025-06-06,2025-06-12,1.072422,1.448089,0.06,B-中,同日同股金额近似匹配
量化基金,策略/量化集群,57,知名游资,是,短线主力：量化基金,东亚前海证券有限责任公司苏州分公司,东亚前海证券有限责任公司苏州分公司,2,2,2,0,0,0,2025-06-10,2026-05-07,1.060021,1.178173,0.06,B-中,同日同股金额近似匹配
量化基金,策略/量化集群,57,知名游资,是,短线主力：量化基金,东方财富证券股份有限公司拉萨东环路第二证券营业部,东方财富证券股份有限公司拉萨东环路第二证券营业部,2,2,2,0,0,1,2025-10-28,2025-11-03,0.630266,1.197524,0.06,B-中,同日同股金额精确匹配；同日同股金额近似匹配
量化基金,策略/量化集群,57,知名游资,是,短线主力：量化基金,中信证券股份有限公司深圳深南中路中信大厦证券营业部,中信证券股份有限公司深圳深南中路中信大厦证券营业部,2,2,2,0,0,0,2026-05-21,2026-06-16,2.794121,2.965912,0.06,B-中,同日同股金额近似匹配
量化基金,策略/量化集群,57,知名游资,是,短线主力：量化基金,中国银河证券股份有限公司北京中关村大街证券营业部,中国银河证券股份有限公司北京中关村大街证券营业部,2,2,2,0,0,0,2025-03-31,2025-08-26,1.548199,1.574666,0.06,B-中,同日同股金额近似匹配
量化基金,策略/量化集群,57,知名游资,是,短线主力：量化基金,华林证券股份有限公司北京分公司,华林证券股份有限公司北京分公司,2,2,2,0,0,0,2025-08-06,2025-10-21,1.496128,2.00476,0.06,B-中,同日同股金额近似匹配
量化基金,策略/量化集群,57,知名游资,是,短线主力：量化基金,华泰证券股份有限公司上海武定路证券营业部,华泰证券股份有限公司上海武定路证券营业部,2,2,2,0,0,0,2025-04-18,2025-11-18,0.719451,0.920092,0.06,B-中,同日同股金额近似匹配
量化基金,策略/量化集群,57,知名游资,是,短线主力：量化基金,华泰证券股份有限公司苏州吴中大道证券营业部,华泰证券股份有限公司苏州吴中大道证券营业部,2,2,2,0,0,0,2025-12-10,2026-01-19,1.795555,2.047737,0.06,B-中,同日同股金额近似匹配
量化基金,策略/量化集群,57,知名游资,是,短线主力：量化基金,华鑫证券有限责任公司上海光复路证券营业部,华鑫证券有限责任公司上海光复路证券营业部,2,2,2,0,0,0,2025-04-28,2025-04-29,1.849387,2.928016,0.06,B-中,同日同股金额近似匹配
量化基金,策略/量化集群,57,知名游资,是,短线主力：量化基金,国泰海通证券股份有限公司上海松江区中山东路证券营业部,国泰系上海松江区中山东路证券营业部,2,2,2,0,0,1,2026-05-26,2026-06-02,0.436663,0.814129,0.06,B-中,同日同股金额精确匹配；同日同股金额近似匹配
量化基金,策略/量化集群,57,知名游资,是,短线主力：量化基金,国泰海通证券股份有限公司南京太平南路证券营业部,国泰系南京太平南路证券营业部,2,2,2,0,0,0,2025-11-07,2026-04-30,1.926325,2.518438,0.06,B-中,同日同股金额近似匹配
量化基金,策略/量化集群,57,知名游资,是,短线主力：量化基金,国金证券股份有限公司上海静安区南京西路证券营业部,国金证券股份有限公司上海静安区南京西路证券营业部,2,2,2,0,0,0,2025-05-09,2025-12-12,1.997808,2.210153,0.06,B-中,同日同股金额近似匹配
量化基金,策略/量化集群,57,知名游资,是,短线主力：量化基金,国金证券股份有限公司深圳分公司,国金证券股份有限公司深圳分公司,2,2,2,0,0,0,2025-07-30,2026-03-02,1.283607,2.037797,0.06,B-中,同日同股金额近似匹配
量化基金,策略/量化集群,57,知名游资,是,短线主力：量化基金,招商证券股份有限公司深圳深南大道车公庙证券营业部,招商证券股份有限公司深圳深南大道车公庙证券营业部,2,2,2,0,0,0,2026-01-05,2026-02-26,2.479412,2.701104,0.06,B-中,同日同股金额近似匹配
量化基金,策略/量化集群,57,知名游资,是,短线主力：量化基金,万联证券股份有限公司绍兴胜利东路证券营业部,万联证券股份有限公司绍兴胜利东路证券营业部,1,1,1,0,0,0,2026-04-14,2026-04-14,0.553065,0.553065,0.03,C-低,同日同股金额近似匹配
量化基金,策略/量化集群,57,知名游资,是,短线主力：量化基金,东亚前海证券有限责任公司深圳分公司,东亚前海证券有限责任公司深圳分公司,1,1,1,0,0,0,2026-04-29,2026-04-29,1.05908,1.05908,0.03,C-低,同日同股金额近似匹配
量化基金,策略/量化集群,57,知名游资,是,短线主力：量化基金,东北证券股份有限公司宁波分公司,东北证券股份有限公司宁波分公司,1,1,1,0,0,1,2025-04-10,2025-04-10,0.026899,0.026899,0.03,C-低,同日同股金额精确匹配
量化基金,策略/量化集群,57,知名游资,是,短线主力：量化基金,东方证券股份有限公司常熟李闸路证券营业部,东方证券股份有限公司常熟李闸路证券营业部,1,1,1,0,0,0,2025-09-24,2025-09-24,2.61232,2.61232,0.03,C-低,同日同股金额近似匹配
量化基金,策略/量化集群,57,知名游资,是,短线主力：量化基金,东方证券股份有限公司张家港东环路证券营业部,东方证券股份有限公司张家港东环路证券营业部,1,1,1,0,0,0,2025-04-01,2025-04-01,1.121937,1.121937,0.03,C-低,同日同股金额近似匹配
量化基金,策略/量化集群,57,知名游资,是,短线主力：量化基金,东方证券股份有限公司深圳金田路证券营业部,东方证券股份有限公司深圳金田路证券营业部,1,1,1,0,0,0,2026-05-28,2026-05-28,1.825214,1.825214,0.03,C-低,同日同股金额近似匹配
量化基金,策略/量化集群,57,知名游资,是,短线主力：量化基金,东方证券股份有限公司青岛仙霞岭路证券营业部,东方证券股份有限公司青岛仙霞岭路证券营业部,1,1,1,0,0,0,2026-02-27,2026-02-27,1.745739,1.745739,0.03,C-低,同日同股金额近似匹配
量化基金,策略/量化集群,57,知名游资,是,短线主力：量化基金,东方财富证券股份有限公司上海东方路证券营业部,东方财富证券股份有限公司上海东方路证券营业部,1,1,1,0,0,0,2026-05-26,2026-05-26,2.656488,2.656488,0.03,C-低,同日同股金额近似匹配
量化基金,策略/量化集群,57,知名游资,是,短线主力：量化基金,东方财富证券股份有限公司山南香曲东路证券营业部,东方财富证券股份有限公司山南香曲东路证券营业部,1,1,1,0,0,0,2026-05-15,2026-05-15,0.662511,0.662511,0.03,C-低,同日同股金额近似匹配
量化基金,策略/量化集群,57,知名游资,是,短线主力：量化基金,东方财富证券股份有限公司拉萨东城区江苏大道证券营业部,东方财富证券股份有限公司拉萨东城区江苏大道证券营业部,1,1,1,0,0,0,2026-05-07,2026-05-07,2.514275,2.514275,0.03,C-低,同日同股金额近似匹配
量化基金,策略/量化集群,57,知名游资,是,短线主力：量化基金,东方财富证券股份有限公司拉萨东环路第一证券营业部,东方财富证券股份有限公司拉萨东环路第一证券营业部,1,1,1,0,0,1,2026-06-17,2026-06-17,0.080503,0.080503,0.03,C-低,同日同股金额精确匹配
量化基金,策略/量化集群,57,知名游资,是,短线主力：量化基金,东方财富证券股份有限公司昌都两江大道证券营业部,东方财富证券股份有限公司昌都两江大道证券营业部,1,1,1,0,0,0,2025-11-18,2025-11-18,2.279081,2.279081,0.03,C-低,同日同股金额近似匹配
量化基金,策略/量化集群,57,知名游资,是,短线主力：量化基金,东莞证券股份有限公司大连星海广场证券营业部,东莞证券股份有限公司大连星海广场证券营业部,1,1,1,0,0,1,2025-03-21,2025-03-21,0.027142,0.027142,0.03,C-低,同日同股金额精确匹配
量化基金,策略/量化集群,57,知名游资,是,短线主力：量化基金,中信建投证券股份有限公司杭州庆春路证券营业部,中信建投证券股份有限公司杭州庆春路证券营业部,1,1,1,0,0,0,2026-03-30,2026-03-30,2.723571,2.723571,0.03,C-低,同日同股金额近似匹配
量化基金,策略/量化集群,57,知名游资,是,短线主力：量化基金,中信建投证券股份有限公司福州东街证券营业部,中信建投证券股份有限公司福州东街证券营业部,1,1,1,0,0,0,2025-10-28,2025-10-28,2.153648,2.153648,0.03,C-低,同日同股金额近似匹配
量化基金,策略/量化集群,57,知名游资,是,短线主力：量化基金,中信证券股份有限公司上海嘉定区双单路证券营业部,中信证券股份有限公司上海嘉定区双单路证券营业部,1,1,1,0,0,0,2026-06-23,2026-06-23,1.459985,1.459985,0.03,C-低,同日同股金额近似匹配
量化基金,策略/量化集群,57,知名游资,是,短线主力：量化基金,中信证券股份有限公司上海徐汇区漕溪北路证券营业部,中信证券股份有限公司上海徐汇区漕溪北路证券营业部,1,1,1,0,0,0,2026-01-09,2026-01-09,0.279997,0.279997,0.03,C-低,同日同股金额近似匹配
量化基金,策略/量化集群,57,知名游资,是,短线主力：量化基金,中信证券股份有限公司台州分公司,中信证券股份有限公司台州分公司,1,1,1,0,0,0,2025-04-30,2025-04-30,1.023765,1.023765,0.03,C-低,同日同股金额近似匹配
量化基金,策略/量化集群,57,知名游资,是,短线主力：量化基金,中信证券股份有限公司杭州凤起路证券营业部,中信证券股份有限公司杭州凤起路证券营业部,1,1,1,0,0,0,2026-02-10,2026-02-10,1.225708,1.225708,0.03,C-低,同日同股金额近似匹配
量化基金,策略/量化集群,57,知名游资,是,短线主力：量化基金,中信证券股份有限公司杭州文居街证券营业部,中信证券股份有限公司杭州文居街证券营业部,1,1,1,0,0,0,2025-09-09,2025-09-09,2.955797,2.955797,0.03,C-低,同日同股金额近似匹配
量化基金,策略/量化集群,57,知名游资,是,短线主力：量化基金,中信证券股份有限公司温岭万昌中路证券营业部,中信证券股份有限公司温岭万昌中路证券营业部,1,1,1,0,0,0,2026-02-12,2026-02-12,0.58097,0.58097,0.03,C-低,同日同股金额近似匹配
量化基金,策略/量化集群,57,知名游资,是,短线主力：量化基金,中国中金财富证券有限公司上海静安区灵石路证券营业部,中国中金财富证券有限公司上海静安区灵石路证券营业部,1,1,1,0,0,0,2025-09-17,2025-09-17,0.60862,0.60862,0.03,C-低,同日同股金额近似匹配
量化基金,策略/量化集群,57,知名游资,是,短线主力：量化基金,中国中金财富证券有限公司上海黄浦区中山东二路证券营业部,中国中金财富证券有限公司上海黄浦区中山东二路证券营业部,1,1,1,0,0,0,2026-01-27,2026-01-27,0.68066,0.68066,0.03,C-低,同日同股金额近似匹配
量化基金,策略/量化集群,57,知名游资,是,短线主力：量化基金,中国中金财富证券有限公司北京万寿路证券营业部,中国中金财富证券有限公司北京万寿路证券营业部,1,1,1,0,0,0,2026-06-03,2026-06-03,2.14597,2.14597,0.03,C-低,同日同股金额近似匹配
量化基金,策略/量化集群,57,知名游资,是,短线主力：量化基金,中国国际金融股份有限公司深圳分公司,中国国际金融股份有限公司深圳分公司,1,1,1,0,0,0,2025-03-11,2025-03-11,1.481064,1.481064,0.03,C-低,同日同股金额近似匹配
量化基金,策略/量化集群,57,知名游资,是,短线主力：量化基金,中国银河证券股份有限公司兰溪三江路证券营业部,中国银河证券股份有限公司兰溪三江路证券营业部,1,1,1,0,0,0,2025-11-19,2025-11-19,0.812542,0.812542,0.03,C-低,同日同股金额近似匹配
量化基金,策略/量化集群,57,知名游资,是,短线主力：量化基金,中国银河证券股份有限公司北京安贞门证券营业部,中国银河证券股份有限公司北京安贞门证券营业部,1,1,1,0,0,0,2025-11-13,2025-11-13,0.34696,0.34696,0.03,C-低,同日同股金额近似匹配
量化基金,策略/量化集群,57,知名游资,是,短线主力：量化基金,中国银河证券股份有限公司厦门湖滨中路证券营业部,中国银河证券股份有限公司厦门湖滨中路证券营业部,1,1,1,0,0,0,2025-08-21,2025-08-21,1.390519,1.390519,0.03,C-低,同日同股金额近似匹配
量化基金,策略/量化集群,57,知名游资,是,短线主力：量化基金,中国银河证券股份有限公司大连黄河路证券营业部,中国银河证券股份有限公司大连黄河路证券营业部,1,1,1,0,0,0,2025-05-22,2025-05-22,0.246859,0.246859,0.03,C-低,同日同股金额近似匹配
量化基金,策略/量化集群,57,知名游资,是,短线主力：量化基金,中国银河证券股份有限公司广州华夏路证券营业部,中国银河证券股份有限公司广州华夏路证券营业部,1,1,1,0,0,1,2025-07-24,2025-07-24,0.004881,0.004881,0.03,C-低,同日同股金额精确匹配
量化基金,策略/量化集群,57,知名游资,是,短线主力：量化基金,中国银河证券股份有限公司成都建设路证券营业部,中国银河证券股份有限公司成都建设路证券营业部,1,1,1,0,0,0,2025-07-14,2025-07-14,0.627354,0.627354,0.03,C-低,同日同股金额近似匹配
量化基金,策略/量化集群,57,知名游资,是,短线主力：量化基金,中国银河证券股份有限公司杭州双龙街证券营业部,中国银河证券股份有限公司杭州双龙街证券营业部,1,1,1,0,0,0,2025-05-12,2025-05-12,1.780514,1.780514,0.03,C-低,同日同股金额近似匹配
量化基金,策略/量化集群,57,知名游资,是,短线主力：量化基金,中泰证券股份有限公司深圳分公司,中泰证券股份有限公司深圳分公司,1,1,1,0,0,0,2026-01-05,2026-01-05,2.02,2.02,0.03,C-低,同日同股金额近似匹配
量化基金,策略/量化集群,57,知名游资,是,短线主力：量化基金,中航证券有限公司鹰潭信江新区证券营业部,中航证券有限公司鹰潭信江新区证券营业部,1,1,1,0,0,0,2026-05-07,2026-05-07,0.519076,0.519076,0.03,C-低,同日同股金额近似匹配
量化基金,策略/量化集群,57,知名游资,是,短线主力：量化基金,光大证券股份有限公司北京东中街证券营业部,光大证券股份有限公司北京东中街证券营业部,1,1,1,0,0,0,2025-03-12,2025-03-12,2.069727,2.069727,0.03,C-低,同日同股金额近似匹配
量化基金,策略/量化集群,57,知名游资,是,短线主力：量化基金,兴业证券股份有限公司成都航空路证券营业部,兴业证券股份有限公司成都航空路证券营业部,1,1,1,0,0,0,2025-04-08,2025-04-08,2.010213,2.010213,0.03,C-低,同日同股金额近似匹配
量化基金,策略/量化集群,57,知名游资,是,短线主力：量化基金,兴业证券股份有限公司浙江分公司,兴业证券股份有限公司浙江分公司,1,1,1,0,0,0,2025-12-09,2025-12-09,0.193323,0.193323,0.03,C-低,同日同股金额近似匹配
量化基金,策略/量化集群,57,知名游资,是,短线主力：量化基金,华安证券股份有限公司杭州留和路证券营业部,华安证券股份有限公司杭州留和路证券营业部,1,1,1,0,0,0,2026-04-16,2026-04-16,0.461537,0.461537,0.03,C-低,同日同股金额近似匹配
量化基金,策略/量化集群,57,知名游资,是,短线主力：量化基金,华安证券股份有限公司浦江江滨中路证券营业部,华安证券股份有限公司浦江江滨中路证券营业部,1,1,1,0,0,0,2025-12-26,2025-12-26,0.513714,0.513714,0.03,C-低,同日同股金额近似匹配
量化基金,策略/量化集群,57,知名游资,是,短线主力：量化基金,华宝证券股份有限公司上海东大名路证券营业部,华宝证券股份有限公司上海东大名路证券营业部,1,1,1,0,0,1,2025-07-18,2025-07-18,0.033585,0.033585,0.03,C-低,同日同股金额精确匹配
量化基金,策略/量化集群,57,知名游资,是,短线主力：量化基金,华泰证券股份有限公司上海浦东新区东方路证券营业部,华泰证券股份有限公司上海浦东新区东方路证券营业部,1,1,1,0,0,0,2026-06-04,2026-06-04,1.298637,1.298637,0.03,C-低,同日同股金额近似匹配
量化基金,策略/量化集群,57,知名游资,是,短线主力：量化基金,华泰证券股份有限公司北京雍和宫证券营业部,华泰证券股份有限公司北京雍和宫证券营业部,1,1,1,0,0,0,2025-03-10,2025-03-10,1.373745,1.373745,0.03,C-低,同日同股金额近似匹配
量化基金,策略/量化集群,57,知名游资,是,短线主力：量化基金,华泰证券股份有限公司成都蜀金路证券营业部,华泰证券股份有限公司成都蜀金路证券营业部,1,1,1,0,0,1,2025-04-17,2025-04-17,0.013327,0.013327,0.03,C-低,同日同股金额精确匹配
量化基金,策略/量化集群,57,知名游资,是,短线主力：量化基金,华泰证券股份有限公司武汉中北路证券营业部,华泰证券股份有限公司武汉中北路证券营业部,1,1,1,0,0,0,2025-08-11,2025-08-11,0.928721,0.928721,0.03,C-低,同日同股金额近似匹配
量化基金,策略/量化集群,57,知名游资,是,短线主力：量化基金,华泰证券股份有限公司深圳前海证券营业部,华泰证券股份有限公司深圳前海证券营业部,1,1,1,0,0,0,2026-03-04,2026-03-04,0.299442,0.299442,0.03,C-低,同日同股金额近似匹配
量化基金,策略/量化集群,57,知名游资,是,短线主力：量化基金,华泰证券股份有限公司深圳后海中心路证券营业部,华泰证券股份有限公司深圳后海中心路证券营业部,1,1,1,0,0,0,2025-12-16,2025-12-16,1.363674,1.363674,0.03,C-低,同日同股金额近似匹配
量化基金,策略/量化集群,57,知名游资,是,短线主力：量化基金,华福证券股份有限公司杭州江南大道证券营业部,华福证券股份有限公司杭州江南大道证券营业部,1,1,1,0,0,0,2026-05-06,2026-05-06,0.535615,0.535615,0.03,C-低,同日同股金额近似匹配
量化基金,策略/量化集群,57,知名游资,是,短线主力：量化基金,华西证券股份有限公司烟台迎春大街证券营业部,华西证券股份有限公司烟台迎春大街证券营业部,1,1,1,0,0,0,2025-05-13,2025-05-13,0.636772,0.636772,0.03,C-低,同日同股金额近似匹配
量化基金,策略/量化集群,57,知名游资,是,短线主力：量化基金,华鑫证券有限责任公司上海云锦路证券营业部,华鑫证券有限责任公司上海云锦路证券营业部,1,1,1,0,0,0,2025-11-28,2025-11-28,1.521434,1.521434,0.03,C-低,同日同股金额近似匹配
量化基金,策略/量化集群,57,知名游资,是,短线主力：量化基金,华鑫证券有限责任公司上海莲花路证券营业部,华鑫证券有限责任公司上海莲花路证券营业部,1,1,1,0,0,0,2026-06-17,2026-06-17,2.1723,2.1723,0.03,C-低,同日同股金额近似匹配
量化基金,策略/量化集群,57,知名游资,是,短线主力：量化基金,华鑫证券有限责任公司成都交子大道证券营业部,华鑫证券有限责任公司成都交子大道证券营业部,1,1,1,0,0,0,2025-08-20,2025-08-20,2.01809,2.01809,0.03,C-低,同日同股金额近似匹配
量化基金,策略/量化集群,57,知名游资,是,短线主力：量化基金,华鑫证券有限责任公司江苏分公司,华鑫证券有限责任公司江苏分公司,1,1,1,0,0,0,2025-08-20,2025-08-20,2.109834,2.109834,0.03,C-低,同日同股金额近似匹配
量化基金,策略/量化集群,57,知名游资,是,短线主力：量化基金,华鑫证券有限责任公司绍兴胜利东路证券营业部,华鑫证券有限责任公司绍兴胜利东路证券营业部,1,1,1,0,0,0,2025-05-12,2025-05-12,2.030452,2.030452,0.03,C-低,同日同股金额近似匹配
量化基金,策略/量化集群,57,知名游资,是,短线主力：量化基金,国信证券股份有限公司北京分公司,国信证券股份有限公司北京分公司,1,1,1,0,0,0,2025-10-21,2025-10-21,1.343233,1.343233,0.03,C-低,同日同股金额近似匹配
量化基金,策略/量化集群,57,知名游资,是,短线主力：量化基金,国元证券股份有限公司台州世纪大道证券营业部,国元证券股份有限公司台州世纪大道证券营业部,1,1,1,0,0,0,2025-08-11,2025-08-11,0.203991,0.203991,0.03,C-低,同日同股金额近似匹配
量化基金,策略/量化集群,57,知名游资,是,短线主力：量化基金,国投证券股份有限公司佛山北滘怡欣路证券营业部,国投证券股份有限公司佛山北滘怡欣路证券营业部,1,1,1,0,0,0,2025-10-27,2025-10-27,1.383383,1.383383,0.03,C-低,同日同股金额近似匹配
量化基金,策略/量化集群,57,知名游资,是,短线主力：量化基金,国投证券股份有限公司北京远大路证券营业部,国投证券股份有限公司北京远大路证券营业部,1,1,1,0,0,0,2026-01-09,2026-01-09,1.02538,1.02538,0.03,C-低,同日同股金额近似匹配
量化基金,策略/量化集群,57,知名游资,是,短线主力：量化基金,国新证券股份有限公司北京中关村大街证券营业部,国新证券股份有限公司北京中关村大街证券营业部,1,1,1,0,0,0,2025-12-11,2025-12-11,1.454358,1.454358,0.03,C-低,同日同股金额近似匹配
量化基金,策略/量化集群,57,知名游资,是,短线主力：量化基金,国新证券股份有限公司长沙韶山路证券营业部,国新证券股份有限公司长沙韶山路证券营业部,1,1,1,0,0,0,2025-04-16,2025-04-16,1.910248,1.910248,0.03,C-低,同日同股金额近似匹配
量化基金,策略/量化集群,57,知名游资,是,短线主力：量化基金,国泰君安证券股份有限公司郑州黄河路证券营业部,国泰系郑州黄河路证券营业部,1,1,1,0,0,0,2025-03-24,2025-03-24,0.305146,0.305146,0.03,C-低,同日同股金额近似匹配
量化基金,策略/量化集群,57,知名游资,是,短线主力：量化基金,国泰海通证券股份有限公司上海徐汇区宛平南路证券营业部,国泰系上海徐汇区宛平南路证券营业部,1,1,1,0,0,0,2025-05-29,2025-05-29,2.341017,2.341017,0.03,C-低,同日同股金额近似匹配
量化基金,策略/量化集群,57,知名游资,是,短线主力：量化基金,国泰海通证券股份有限公司上海徐汇区宜山路证券营业部,国泰系上海徐汇区宜山路证券营业部,1,1,1,0,0,0,2026-04-07,2026-04-07,1.192829,1.192829,0.03,C-低,同日同股金额近似匹配
量化基金,策略/量化集群,57,知名游资,是,短线主力：量化基金,国泰海通证券股份有限公司上海浦东新区浦东南路证券营业部,国泰系上海浦东新区浦东南路证券营业部,1,1,1,0,0,0,2025-12-26,2025-12-26,2.287787,2.287787,0.03,C-低,同日同股金额近似匹配
量化基金,策略/量化集群,57,知名游资,是,短线主力：量化基金,国泰海通证券股份有限公司上海浦东新区福山路证券营业部,国泰系上海浦东新区福山路证券营业部,1,1,1,0,0,0,2025-06-11,2025-06-11,0.347589,0.347589,0.03,C-低,同日同股金额近似匹配
量化基金,策略/量化集群,57,知名游资,是,短线主力：量化基金,国泰海通证券股份有限公司上海自贸试验区第二分公司,国泰系上海自贸试验区第二分公司,1,1,1,0,0,0,2026-05-18,2026-05-18,1.053244,1.053244,0.03,C-低,同日同股金额近似匹配
量化基金,策略/量化集群,57,知名游资,是,短线主力：量化基金,国泰海通证券股份有限公司上海长宁区天山路证券营业部,国泰系上海长宁区天山路证券营业部,1,1,1,0,0,0,2026-04-03,2026-04-03,2.218143,2.218143,0.03,C-低,同日同股金额近似匹配
量化基金,策略/量化集群,57,知名游资,是,短线主力：量化基金,国泰海通证券股份有限公司北京知春路证券营业部,国泰系北京知春路证券营业部,1,1,1,0,0,0,2026-03-20,2026-03-20,2.541785,2.541785,0.03,C-低,同日同股金额近似匹配
量化基金,策略/量化集群,57,知名游资,是,短线主力：量化基金,国泰海通证券股份有限公司宜昌沿江大道证券营业部,国泰系宜昌沿江大道证券营业部,1,1,1,0,0,0,2025-06-16,2025-06-16,0.621123,0.621123,0.03,C-低,同日同股金额近似匹配
量化基金,策略/量化集群,57,知名游资,是,短线主力：量化基金,国泰海通证券股份有限公司杭州新业路第一证券营业部,国泰系杭州新业路第一证券营业部,1,1,1,0,0,0,2026-04-23,2026-04-23,0.982966,0.982966,0.03,C-低,同日同股金额近似匹配
量化基金,策略/量化集群,57,知名游资,是,短线主力：量化基金,国泰海通证券股份有限公司武汉紫阳东路证券营业部,国泰系武汉紫阳东路证券营业部,1,1,1,0,0,0,2026-04-03,2026-04-03,1.095166,1.095166,0.03,C-低,同日同股金额近似匹配
量化基金,策略/量化集群,57,知名游资,是,短线主力：量化基金,国泰海通证券股份有限公司深圳滨海大道创投大厦证券营业部,国泰系深圳滨海大道创投大厦证券营业部,1,1,1,0,0,0,2025-11-10,2025-11-10,0.29785,0.29785,0.03,C-低,同日同股金额近似匹配
量化基金,策略/量化集群,57,知名游资,是,短线主力：量化基金,国泰海通证券股份有限公司深圳金田路证券营业部,国泰系深圳金田路证券营业部,1,1,1,0,0,0,2026-05-08,2026-05-08,1.264849,1.264849,0.03,C-低,同日同股金额近似匹配
量化基金,策略/量化集群,57,知名游资,是,短线主力：量化基金,国泰海通证券股份有限公司漳州融信写字楼证券营业部,国泰系漳州融信写字楼证券营业部,1,1,1,0,0,0,2025-12-08,2025-12-08,2.738422,2.738422,0.03,C-低,同日同股金额近似匹配
量化基金,策略/量化集群,57,知名游资,是,短线主力：量化基金,国海证券股份有限公司南宁双拥路证券营业部,国海证券股份有限公司南宁双拥路证券营业部,1,1,1,0,0,0,2025-10-30,2025-10-30,1.708374,1.708374,0.03,C-低,同日同股金额近似匹配
量化基金,策略/量化集群,57,知名游资,是,短线主力：量化基金,国联民生证券股份有限公司北京分公司,国联民生证券股份有限公司北京分公司,1,1,1,0,0,0,2025-04-22,2025-04-22,1.83937,1.83937,0.03,C-低,同日同股金额近似匹配
量化基金,策略/量化集群,57,知名游资,是,短线主力：量化基金,国联民生证券股份有限公司宁波战船街证券营业部,国联民生证券股份有限公司宁波战船街证券营业部,1,1,1,0,0,0,2025-07-11,2025-07-11,1.0674,1.0674,0.03,C-低,同日同股金额近似匹配
量化基金,策略/量化集群,57,知名游资,是,短线主力：量化基金,国联民生证券股份有限公司宁波财神殿南路证券营业部,国联民生证券股份有限公司宁波财神殿南路证券营业部,1,1,1,0,0,1,2025-08-13,2025-08-13,0.052876,0.052876,0.03,C-低,同日同股金额精确匹配
量化基金,策略/量化集群,57,知名游资,是,短线主力：量化基金,国联民生证券股份有限公司无锡金太湖证券营业部,国联民生证券股份有限公司无锡金太湖证券营业部,1,1,1,0,0,0,2025-08-22,2025-08-22,2.656093,2.656093,0.03,C-低,同日同股金额近似匹配
量化基金,策略/量化集群,57,知名游资,是,短线主力：量化基金,国金证券股份有限公司北京崇文门外大街证券营业部,国金证券股份有限公司北京崇文门外大街证券营业部,1,1,1,0,0,0,2026-06-02,2026-06-02,0.670974,0.670974,0.03,C-低,同日同股金额近似匹配
量化基金,策略/量化集群,57,知名游资,是,短线主力：量化基金,国金证券股份有限公司成都武成大街证券营业部,国金证券股份有限公司成都武成大街证券营业部,1,1,1,0,0,0,2025-03-13,2025-03-13,1.175409,1.175409,0.03,C-低,同日同股金额近似匹配
量化基金,策略/量化集群,57,知名游资,是,短线主力：量化基金,国金证券股份有限公司海南分公司,国金证券股份有限公司海南分公司,1,1,1,0,0,0,2025-07-17,2025-07-17,1.084035,1.084035,0.03,C-低,同日同股金额近似匹配
量化基金,策略/量化集群,57,知名游资,是,短线主力：量化基金,国金证券股份有限公司深圳湾一号证券营业部,国金证券股份有限公司深圳湾一号证券营业部,1,1,1,0,0,0,2025-03-27,2025-03-27,0.859705,0.859705,0.03,C-低,同日同股金额近似匹配
量化基金,策略/量化集群,57,知名游资,是,短线主力：量化基金,天府证券有限责任公司上海崂山路证券营业部,天府证券有限责任公司上海崂山路证券营业部,1,1,1,0,0,0,2026-06-22,2026-06-22,0.303604,0.303604,0.03,C-低,同日同股金额近似匹配
量化基金,策略/量化集群,57,知名游资,是,短线主力：量化基金,平安证券股份有限公司天津分公司,平安证券股份有限公司天津分公司,1,1,1,0,0,0,2025-09-18,2025-09-18,0.415864,0.415864,0.03,C-低,同日同股金额近似匹配
量化基金,策略/量化集群,57,知名游资,是,短线主力：量化基金,平安证券股份有限公司泉州滨海街证券营业部,平安证券股份有限公司泉州滨海街证券营业部,1,1,1,0,0,0,2025-09-24,2025-09-24,2.866751,2.866751,0.03,C-低,同日同股金额近似匹配
量化基金,策略/量化集群,57,知名游资,是,短线主力：量化基金,广发证券股份有限公司佛山季华路证券营业部,广发证券股份有限公司佛山季华路证券营业部,1,1,1,0,0,0,2025-04-08,2025-04-08,1.254178,1.254178,0.03,C-低,同日同股金额近似匹配
量化基金,策略/量化集群,57,知名游资,是,短线主力：量化基金,广发证券股份有限公司南京汉中路证券营业部,广发证券股份有限公司南京汉中路证券营业部,1,1,1,0,0,0,2026-05-13,2026-05-13,1.431803,1.431803,0.03,C-低,同日同股金额近似匹配
量化基金,策略/量化集群,57,知名游资,是,短线主力：量化基金,广发证券股份有限公司成都天府大道证券营业部,广发证券股份有限公司成都天府大道证券营业部,1,1,1,0,0,0,2026-03-17,2026-03-17,1.733494,1.733494,0.03,C-低,同日同股金额近似匹配
量化基金,策略/量化集群,57,知名游资,是,短线主力：量化基金,广发证券股份有限公司杭州富春路证券营业部,广发证券股份有限公司杭州富春路证券营业部,1,1,1,0,0,0,2025-09-23,2025-09-23,0.240238,0.240238,0.03,C-低,同日同股金额近似匹配
量化基金,策略/量化集群,57,知名游资,是,短线主力：量化基金,开源证券股份有限公司西安阎良人民路证券营业部,开源证券股份有限公司西安阎良人民路证券营业部,1,1,1,0,0,0,2025-11-04,2025-11-04,2.202936,2.202936,0.03,C-低,同日同股金额近似匹配
量化基金,策略/量化集群,57,知名游资,是,短线主力：量化基金,浙商证券股份有限公司宁波北仑明州路证券营业部,浙商证券股份有限公司宁波北仑明州路证券营业部,1,1,1,0,0,0,2025-12-24,2025-12-24,2.47921,2.47921,0.03,C-低,同日同股金额近似匹配
量化基金,策略/量化集群,57,知名游资,是,短线主力：量化基金,浙商证券股份有限公司金华分公司,浙商证券股份有限公司金华分公司,1,1,1,0,0,0,2026-04-22,2026-04-22,0.588552,0.588552,0.03,C-低,同日同股金额近似匹配
量化基金,策略/量化集群,57,知名游资,是,短线主力：量化基金,湘财证券股份有限公司上海浦明路证券营业部,湘财证券股份有限公司上海浦明路证券营业部,1,1,1,0,0,0,2026-06-12,2026-06-12,1.132909,1.132909,0.03,C-低,同日同股金额近似匹配
量化基金,策略/量化集群,57,知名游资,是,短线主力：量化基金,爱建证券有限责任公司上海浦东新区前滩大道证券营业部,爱建证券有限责任公司上海浦东新区前滩大道证券营业部,1,1,1,0,0,0,2026-01-16,2026-01-16,2.022793,2.022793,0.03,C-低,同日同股金额近似匹配
量化基金,策略/量化集群,57,知名游资,是,短线主力：量化基金,联储证券股份有限公司杭州环城北路证券营业部,联储证券股份有限公司杭州环城北路证券营业部,1,1,1,0,0,0,2025-08-25,2025-08-25,0.365487,0.365487,0.03,C-低,同日同股金额近似匹配
量化基金,策略/量化集群,57,知名游资,是,短线主力：量化基金,金融街证券股份有限公司沈阳奉天街证券营业部,金融街证券股份有限公司沈阳奉天街证券营业部,1,1,1,0,0,0,2025-12-24,2025-12-24,0.451712,0.451712,0.03,C-低,同日同股金额近似匹配
量化基金,策略/量化集群,57,知名游资,是,短线主力：量化基金,银泰证券有限责任公司福州东街证券营业部,银泰证券有限责任公司福州东街证券营业部,1,1,1,0,0,0,2026-05-18,2026-05-18,2.438283,2.438283,0.03,C-低,同日同股金额近似匹配
量化基金,策略/量化集群,57,知名游资,是,短线主力：量化基金,长城国瑞证券有限公司上海陆家浜路证券营业部,长城国瑞证券有限公司上海陆家浜路证券营业部,1,1,1,0,0,0,2025-04-22,2025-04-22,1.841742,1.841742,0.03,C-低,同日同股金额近似匹配
量化基金,策略/量化集群,57,知名游资,是,短线主力：量化基金,长江证券股份有限公司南昌赣江中大道证券营业部,长江证券股份有限公司南昌赣江中大道证券营业部,1,1,1,0,0,0,2025-06-19,2025-06-19,2.069232,2.069232,0.03,C-低,同日同股金额近似匹配
量化打板,策略/量化集群,65,知名游资,是,游资系列：量化打板,开源证券股份有限公司西安西大街证券营业部,开源证券股份有限公司西安西大街证券营业部,2033,2033,2033,0,0,2023,2025-03-03,2026-06-23,0.0,2.751068,43.19,A-高,同日同股金额精确匹配；同日同股金额近似匹配
量化打板,策略/量化集群,65,知名游资,是,游资系列：量化打板,开源证券股份有限公司西安太华路证券营业部,开源证券股份有限公司西安太华路证券营业部,1323,1323,1323,0,0,1312,2025-04-07,2026-06-23,0.0,2.543966,28.11,A-高,同日同股金额精确匹配；同日同股金额近似匹配
量化打板,策略/量化集群,65,知名游资,是,游资系列：量化打板,华鑫证券有限责任公司上海分公司,华鑫证券有限责任公司上海分公司,347,347,347,0,0,341,2025-03-06,2026-06-16,0.0,2.879763,7.37,A-高,同日同股金额精确匹配；同日同股金额近似匹配
量化打板,策略/量化集群,65,知名游资,是,游资系列：量化打板,中泰证券股份有限公司常州惠国路证券营业部,中泰证券股份有限公司常州惠国路证券营业部,209,209,209,0,0,208,2025-03-03,2026-06-23,0.0,2.744093,4.44,A-高,同日同股金额精确匹配；同日同股金额近似匹配
量化打板,策略/量化集群,65,知名游资,是,游资系列：量化打板,国新证券股份有限公司北京中关村大街证券营业部,国新证券股份有限公司北京中关村大街证券营业部,137,137,137,0,0,137,2025-03-10,2026-06-23,0.0,0.062093,2.91,A-高,同日同股金额精确匹配
量化打板,策略/量化集群,65,知名游资,是,游资系列：量化打板,华鑫证券有限责任公司上海陆家嘴证券营业部,华鑫证券有限责任公司上海陆家嘴证券营业部,126,126,126,0,0,122,2025-03-07,2026-06-17,0.0,2.262506,2.68,A-高,同日同股金额精确匹配；同日同股金额近似匹配
量化打板,策略/量化集群,65,知名游资,是,游资系列：量化打板,中信证券股份有限公司上海徐汇区漕溪北路证券营业部,中信证券股份有限公司上海徐汇区漕溪北路证券营业部,90,90,90,0,0,90,2025-03-06,2026-06-17,0.0,0.003725,1.91,A-高,同日同股金额精确匹配
量化打板,策略/量化集群,65,知名游资,是,游资系列：量化打板,东方证券股份有限公司无锡新生路证券营业部,东方证券股份有限公司无锡新生路证券营业部,77,77,77,0,0,76,2025-03-18,2025-09-24,0.0,0.383142,1.64,A-高,同日同股金额精确匹配；同日同股金额近似匹配
量化打板,策略/量化集群,65,知名游资,是,游资系列：量化打板,华鑫证券有限责任公司成都交子大道证券营业部,华鑫证券有限责任公司成都交子大道证券营业部,53,53,53,0,0,53,2025-03-06,2026-06-23,0.0,0.000486,1.13,A-高,同日同股金额精确匹配
量化打板,策略/量化集群,65,知名游资,是,游资系列：量化打板,国新证券股份有限公司长沙韶山路证券营业部,国新证券股份有限公司长沙韶山路证券营业部,43,43,43,0,0,43,2025-04-14,2026-05-29,0.0,0.000421,0.91,A-高,同日同股金额精确匹配
量化打板,策略/量化集群,65,知名游资,是,游资系列：量化打板,华鑫证券有限责任公司南京清凉门大街证券营业部,华鑫证券有限责任公司南京清凉门大街证券营业部,35,35,35,0,0,35,2025-03-03,2026-05-18,0.0,8.1e-05,0.74,A-高,同日同股金额精确匹配
量化打板,策略/量化集群,65,知名游资,是,游资系列：量化打板,天风证券股份有限公司浙江分公司,天风证券股份有限公司浙江分公司,32,32,32,0,0,31,2025-03-07,2026-06-22,0.0,2.816652,0.68,A-高,同日同股金额精确匹配；同日同股金额近似匹配
量化打板,策略/量化集群,65,知名游资,是,游资系列：量化打板,中泰证券股份有限公司北京大望路证券营业部,中泰证券股份有限公司北京大望路证券营业部,28,28,28,0,0,28,2025-03-03,2026-03-20,0.0,0.000802,0.59,A-高,同日同股金额精确匹配
量化打板,策略/量化集群,65,知名游资,是,游资系列：量化打板,麦高证券有限责任公司成都丽都路证券营业部,麦高证券有限责任公司成都丽都路证券营业部,24,24,24,0,0,24,2025-03-14,2026-05-22,0.0,8.7e-05,0.51,A-高,同日同股金额精确匹配
量化打板,策略/量化集群,65,知名游资,是,游资系列：量化打板,东方证券股份有限公司常熟李闸路证券营业部,东方证券股份有限公司常熟李闸路证券营业部,20,20,20,0,0,20,2025-03-11,2026-06-16,0.0,1.5e-05,0.42,A-高,同日同股金额精确匹配
量化打板,策略/量化集群,65,知名游资,是,游资系列：量化打板,华鑫证券有限责任公司上海西藏中路证券营业部,华鑫证券有限责任公司上海西藏中路证券营业部,17,17,17,0,0,17,2025-03-03,2026-06-15,0.0,2e-06,0.36,A-高,同日同股金额精确匹配
量化打板,策略/量化集群,65,知名游资,是,游资系列：量化打板,华鑫证券有限责任公司上海梅园路证券营业部,华鑫证券有限责任公司上海梅园路证券营业部,16,16,16,0,0,16,2025-03-14,2025-11-21,0.0,0.000431,0.34,A-高,同日同股金额精确匹配
量化打板,策略/量化集群,65,知名游资,是,游资系列：量化打板,华宝证券股份有限公司成都天府大道证券营业部,华宝证券股份有限公司成都天府大道证券营业部,13,13,13,0,0,13,2025-03-13,2026-04-29,0.0,3.4e-05,0.28,A-高,同日同股金额精确匹配
量化打板,策略/量化集群,65,知名游资,是,游资系列：量化打板,华鑫证券有限责任公司上海金山证券营业部,华鑫证券有限责任公司上海金山证券营业部,9,9,9,0,0,9,2025-03-28,2025-08-22,0.0,1e-06,0.19,A-高,同日同股金额精确匹配
量化打板,策略/量化集群,65,知名游资,是,游资系列：量化打板,麦高证券有限责任公司北京第二分公司,麦高证券有限责任公司北京第二分公司,9,9,9,0,0,9,2025-03-06,2025-09-04,0.0,1e-06,0.19,A-高,同日同股金额精确匹配
量化打板,策略/量化集群,65,知名游资,是,游资系列：量化打板,开源证券股份有限公司云南分公司,开源证券股份有限公司云南分公司,8,8,8,0,0,8,2025-03-17,2025-09-08,0.0,0.000425,0.17,A-高,同日同股金额精确匹配
量化打板,策略/量化集群,65,知名游资,是,游资系列：量化打板,中泰证券股份有限公司江苏分公司,中泰证券股份有限公司江苏分公司,5,5,5,0,0,5,2025-04-29,2025-12-19,6e-06,0.000527,0.11,A-高,同日同股金额精确匹配
量化打板,策略/量化集群,65,知名游资,是,游资系列：量化打板,国泰海通证券股份有限公司南京太平南路证券营业部,国泰系南京太平南路证券营业部,4,4,4,0,0,1,2025-06-03,2025-08-27,0.721481,1.288393,0.08,B-中,同日同股金额精确匹配；同日同股金额近似匹配
量化打板,策略/量化集群,65,知名游资,是,游资系列：量化打板,国泰海通证券股份有限公司成都北一环路证券营业部,国泰系成都北一环路证券营业部,3,3,3,0,0,0,2025-07-11,2026-06-05,1.469938,2.993193,0.06,B-中,同日同股金额近似匹配
量化打板,策略/量化集群,65,知名游资,是,游资系列：量化打板,东方财富证券股份有限公司拉萨金融城南环路证券营业部,东方财富证券股份有限公司拉萨金融城南环路证券营业部,2,2,2,0,0,0,2025-04-15,2025-06-03,1.194736,1.650893,0.04,B-中,同日同股金额近似匹配
量化打板,策略/量化集群,65,知名游资,是,游资系列：量化打板,华泰证券股份有限公司总部,华泰证券股份有限公司总部,2,2,2,0,0,0,2025-11-11,2026-05-25,1.341548,1.913808,0.04,B-中,同日同股金额近似匹配
量化打板,策略/量化集群,65,知名游资,是,游资系列：量化打板,华鑫证券有限责任公司上海光复路证券营业部,华鑫证券有限责任公司上海光复路证券营业部,2,2,2,0,0,0,2025-05-21,2025-10-15,1.685844,2.143222,0.04,B-中,同日同股金额近似匹配
量化打板,策略/量化集群,65,知名游资,是,游资系列：量化打板,华鑫证券有限责任公司上海金山营业部,华鑫证券有限责任公司上海金山营业部,2,2,2,0,0,2,2026-06-09,2026-06-10,1.2e-05,2.4e-05,0.04,B-中,同日同股金额精确匹配
量化打板,策略/量化集群,65,知名游资,是,游资系列：量化打板,华鑫证券有限责任公司湖州大线场路证券营业部,华鑫证券有限责任公司湖州大线场路证券营业部,2,2,2,0,0,2,2025-09-19,2025-10-15,1e-06,2e-06,0.04,B-中,同日同股金额精确匹配
量化打板,策略/量化集群,65,知名游资,是,游资系列：量化打板,国信证券股份有限公司北京分公司,国信证券股份有限公司北京分公司,2,2,2,0,0,0,2025-07-18,2025-07-22,0.764681,1.36464,0.04,B-中,同日同股金额近似匹配
量化打板,策略/量化集群,65,知名游资,是,游资系列：量化打板,国泰海通证券股份有限公司上海松江区中山东路证券营业部,国泰系上海松江区中山东路证券营业部,2,2,2,0,0,0,2025-09-11,2025-09-12,2.144223,2.624337,0.04,B-中,同日同股金额近似匹配
量化打板,策略/量化集群,65,知名游资,是,游资系列：量化打板,国泰海通证券股份有限公司上海长宁区江苏路证券营业部,国泰系上海长宁区江苏路证券营业部,2,2,2,0,0,0,2025-06-19,2025-06-20,1.456334,2.799452,0.04,B-中,同日同股金额近似匹配
量化打板,策略/量化集群,65,知名游资,是,游资系列：量化打板,瑞银证券有限责任公司上海浦东新区花园石桥路第二证券营业部,瑞银证券有限责任公司上海浦东新区花园石桥路第二证券营业部,2,2,2,0,0,0,2025-06-16,2025-06-25,0.51427,0.571534,0.04,B-中,同日同股金额近似匹配
量化打板,策略/量化集群,65,知名游资,是,游资系列：量化打板,东北证券股份有限公司青岛分公司,东北证券股份有限公司青岛分公司,1,1,1,0,0,0,2025-03-21,2025-03-21,0.108571,0.108571,0.02,C-低,同日同股金额近似匹配
量化打板,策略/量化集群,65,知名游资,是,游资系列：量化打板,东方证券股份有限公司汕头长平路证券营业部,东方证券股份有限公司汕头长平路证券营业部,1,1,1,0,0,0,2025-06-26,2025-06-26,1.803537,1.803537,0.02,C-低,同日同股金额近似匹配
量化打板,策略/量化集群,65,知名游资,是,游资系列：量化打板,东莞证券股份有限公司四川分公司,东莞证券股份有限公司四川分公司,1,1,1,0,0,0,2025-11-25,2025-11-25,0.717253,0.717253,0.02,C-低,同日同股金额近似匹配
量化打板,策略/量化集群,65,知名游资,是,游资系列：量化打板,中信建投证券股份有限公司山西分公司,中信建投证券股份有限公司山西分公司,1,1,1,0,0,0,2025-09-16,2025-09-16,0.294271,0.294271,0.02,C-低,同日同股金额近似匹配
量化打板,策略/量化集群,65,知名游资,是,游资系列：量化打板,中信证券股份有限公司上海溧阳路证券营业部,中信证券股份有限公司上海溧阳路证券营业部,1,1,1,0,0,0,2025-04-17,2025-04-17,0.789921,0.789921,0.02,C-低,同日同股金额近似匹配
量化打板,策略/量化集群,65,知名游资,是,游资系列：量化打板,中信证券股份有限公司东阳吴宁西路证券营业部,中信证券股份有限公司东阳吴宁西路证券营业部,1,1,1,0,0,0,2025-07-11,2025-07-11,0.453812,0.453812,0.02,C-低,同日同股金额近似匹配
量化打板,策略/量化集群,65,知名游资,是,游资系列：量化打板,中信证券股份有限公司西安朱雀大街证券营业部,中信证券股份有限公司西安朱雀大街证券营业部,1,1,1,0,0,1,2026-02-13,2026-02-13,0.00935,0.00935,0.02,C-低,同日同股金额精确匹配
量化打板,策略/量化集群,65,知名游资,是,游资系列：量化打板,中国银河证券股份有限公司大连人民路证券营业部,中国银河证券股份有限公司大连人民路证券营业部,1,1,1,0,0,1,2025-07-23,2025-07-23,0.058705,0.058705,0.02,C-低,同日同股金额精确匹配
量化打板,策略/量化集群,65,知名游资,是,游资系列：量化打板,中国银河证券股份有限公司如皋健康路证券营业部,中国银河证券股份有限公司如皋健康路证券营业部,1,1,1,0,0,0,2026-05-08,2026-05-08,1.194756,1.194756,0.02,C-低,同日同股金额近似匹配
量化打板,策略/量化集群,65,知名游资,是,游资系列：量化打板,中国银河证券股份有限公司宜昌新世纪证券营业部,中国银河证券股份有限公司宜昌新世纪证券营业部,1,1,1,0,0,0,2026-03-18,2026-03-18,1.680469,1.680469,0.02,C-低,同日同股金额近似匹配
量化打板,策略/量化集群,65,知名游资,是,游资系列：量化打板,信达证券股份有限公司温州瓯江路证券营业部,信达证券股份有限公司温州瓯江路证券营业部,1,1,1,0,0,0,2025-09-23,2025-09-23,2.396307,2.396307,0.02,C-低,同日同股金额近似匹配
量化打板,策略/量化集群,65,知名游资,是,游资系列：量化打板,华宝证券股份有限公司上海东大名路证券营业部,华宝证券股份有限公司上海东大名路证券营业部,1,1,1,0,0,0,2025-03-25,2025-03-25,0.283362,0.283362,0.02,C-低,同日同股金额近似匹配
量化打板,策略/量化集群,65,知名游资,是,游资系列：量化打板,华林证券股份有限公司北京分公司,华林证券股份有限公司北京分公司,1,1,1,0,0,0,2025-04-24,2025-04-24,2.955093,2.955093,0.02,C-低,同日同股金额近似匹配
量化打板,策略/量化集群,65,知名游资,是,游资系列：量化打板,华鑫证券有限责任公司上海宛平南路证券营业部,华鑫证券有限责任公司上海宛平南路证券营业部,1,1,1,0,0,0,2025-06-12,2025-06-12,2.261672,2.261672,0.02,C-低,同日同股金额近似匹配
量化打板,策略/量化集群,65,知名游资,是,游资系列：量化打板,华鑫证券有限责任公司上海茅台路证券营业部,华鑫证券有限责任公司上海茅台路证券营业部,1,1,1,0,0,0,2025-07-30,2025-07-30,0.952424,0.952424,0.02,C-低,同日同股金额近似匹配
量化打板,策略/量化集群,65,知名游资,是,游资系列：量化打板,华鑫证券有限责任公司杭州分公司,华鑫证券有限责任公司杭州分公司,1,1,1,0,0,0,2025-09-24,2025-09-24,0.179707,0.179707,0.02,C-低,同日同股金额近似匹配
量化打板,策略/量化集群,65,知名游资,是,游资系列：量化打板,华鑫证券有限责任公司深圳益田路证券营业部,华鑫证券有限责任公司深圳益田路证券营业部,1,1,1,0,0,0,2025-07-30,2025-07-30,0.111379,0.111379,0.02,C-低,同日同股金额近似匹配
量化打板,策略/量化集群,65,知名游资,是,游资系列：量化打板,国泰君安证券股份有限公司成都北一环路证券营业部,国泰系成都北一环路证券营业部,1,1,1,0,0,0,2025-03-26,2025-03-26,0.468342,0.468342,0.02,C-低,同日同股金额近似匹配
量化打板,策略/量化集群,65,知名游资,是,游资系列：量化打板,国泰海通证券股份有限公司上海徐汇区宜山路证券营业部,国泰系上海徐汇区宜山路证券营业部,1,1,1,0,0,0,2026-03-20,2026-03-20,1.722105,1.722105,0.02,C-低,同日同股金额近似匹配
量化打板,策略/量化集群,65,知名游资,是,游资系列：量化打板,国泰海通证券股份有限公司上海松江中山东路证券营业部,国泰系上海松江中山东路证券营业部,1,1,1,0,0,0,2025-04-17,2025-04-17,2.036445,2.036445,0.02,C-低,同日同股金额近似匹配
量化打板,策略/量化集群,65,知名游资,是,游资系列：量化打板,国泰海通证券股份有限公司上海静安区新闸路证券营业部,国泰系上海静安区新闸路证券营业部,1,1,1,0,0,0,2025-12-04,2025-12-04,2.362265,2.362265,0.02,C-低,同日同股金额近似匹配
量化打板,策略/量化集群,65,知名游资,是,游资系列：量化打板,国泰海通证券股份有限公司北京知春路证券营业部,国泰系北京知春路证券营业部,1,1,1,0,0,0,2026-05-15,2026-05-15,2.67424,2.67424,0.02,C-低,同日同股金额近似匹配
量化打板,策略/量化集群,65,知名游资,是,游资系列：量化打板,国盛证券有限责任公司上海浦东新区峨山路证券营业部,国盛证券上海浦东新区峨山路证券营业部,1,1,1,0,0,0,2025-03-14,2025-03-14,1.848544,1.848544,0.02,C-低,同日同股金额近似匹配
量化打板,策略/量化集群,65,知名游资,是,游资系列：量化打板,国金证券股份有限公司宁波江澄南路证券营业部,国金证券股份有限公司宁波江澄南路证券营业部,1,1,1,0,0,0,2026-05-12,2026-05-12,0.260224,0.260224,0.02,C-低,同日同股金额近似匹配
量化打板,策略/量化集群,65,知名游资,是,游资系列：量化打板,平安证券股份有限公司深圳金田路证券营业部,平安证券股份有限公司深圳金田路证券营业部,1,1,1,0,0,0,2025-09-12,2025-09-12,0.850138,0.850138,0.02,C-低,同日同股金额近似匹配
量化打板,策略/量化集群,65,知名游资,是,游资系列：量化打板,方正证券股份有限公司杭州平澜路证券营业部,方正证券股份有限公司杭州平澜路证券营业部,1,1,1,0,0,0,2025-10-23,2025-10-23,2.816616,2.816616,0.02,C-低,同日同股金额近似匹配
量化打板,策略/量化集群,65,知名游资,是,游资系列：量化打板,浙商证券股份有限公司上海安顺路证券营业部,浙商证券股份有限公司上海安顺路证券营业部,1,1,1,0,0,0,2025-09-16,2025-09-16,1.938549,1.938549,0.02,C-低,同日同股金额近似匹配
量化打板,策略/量化集群,65,知名游资,是,游资系列：量化打板,高盛(中国)证券有限责任公司上海浦东新区世纪大道证券营业部,高盛(中国)证券有限责任公司上海浦东新区世纪大道证券营业部,1,1,1,0,0,0,2025-12-11,2025-12-11,2.077998,2.077998,0.02,C-低,同日同股金额近似匹配
量化抢筹,策略/量化集群,66,知名游资,是,游资系列：量化抢筹,中国银河证券股份有限公司北京中关村大街证券营业部,中国银河证券股份有限公司北京中关村大街证券营业部,790,790,790,0,0,790,2025-03-03,2026-06-18,0.0,0.000401,100.0,A-高,同日同股金额精确匹配
92科比,游资别名/路线席位,60,历史标签,否（历史标签）,,兴业证券股份有限公司南京天元东路证券营业部,兴业证券股份有限公司南京天元东路证券营业部,1,1,0,1,0,1,2025-02-14,2025-02-14,8.5e-05,8.5e-05,33.33,C-低,同日同股金额精确匹配
92科比,游资别名/路线席位,60,历史标签,否（历史标签）,,兴业证券股份有限公司无锡分公司,兴业证券股份有限公司无锡分公司,1,1,0,1,0,1,2025-02-14,2025-02-14,4e-05,4e-05,33.33,C-低,同日同股金额精确匹配
92科比,游资别名/路线席位,60,历史标签,否（历史标签）,,国泰海通证券股份有限公司上海长宁区江苏路证券营业部,国泰系上海长宁区江苏路证券营业部,1,1,0,1,0,1,2025-09-02,2025-09-02,5.6e-05,5.6e-05,33.33,C-低,同日同股金额精确匹配
bike770,游资别名/路线席位,74,历史标签,否（历史标签）,,国泰君安证券股份有限公司南宁民族大道证券营业部,国泰系南宁民族大道证券营业部,7,7,0,7,0,7,2025-01-20,2025-04-07,0.000149,0.00037,100.0,A-高,同日同股金额精确匹配
上海超短帮,地域游资集群,19,历史标签,否（历史标签）,,国泰君安证券股份有限公司上海新闸路证券营业部,国泰系上海新闸路证券营业部,11,11,0,11,0,11,2025-03-26,2025-04-01,4.3e-05,0.00011,61.11,A-高,同日同股金额精确匹配
上海超短帮,地域游资集群,19,历史标签,否（历史标签）,,申万宏源证券有限公司上海闵行区东川路证券营业部,申万宏源证券有限公司上海闵行区东川路证券营业部,5,5,0,5,0,5,2025-02-11,2025-03-31,9.2e-05,0.000118,27.78,A-高,同日同股金额精确匹配
上海超短帮,地域游资集群,19,历史标签,否（历史标签）,,东方证券股份有限公司无锡新生路证券营业部,东方证券股份有限公司无锡新生路证券营业部,1,1,0,1,0,1,2025-02-21,2025-02-21,0.000121,0.000121,5.56,C-低,同日同股金额精确匹配
上海超短帮,地域游资集群,19,历史标签,否（历史标签）,,国泰君安证券股份有限公司济宁吴泰闸路证券营业部,国泰系济宁吴泰闸路证券营业部,1,1,0,1,0,1,2025-03-18,2025-03-18,3.9e-05,3.9e-05,5.56,C-低,同日同股金额精确匹配
列夫,游资别名/路线席位,59,历史标签,否（历史标签）,,海通证券股份有限公司绍兴劳动路证券营业部,海通证券股份有限公司绍兴劳动路证券营业部,1,1,0,1,0,1,2025-03-13,2025-03-13,0.000194,0.000194,100.0,C-低,同日同股金额精确匹配
呼家楼,游资别名/路线席位,84,历史标签,否（历史标签）,,中信建投证券股份有限公司北京东城分公司,中信建投证券股份有限公司北京东城分公司,30,30,0,30,0,30,2025-02-14,2025-09-23,8.5e-05,0.000309,81.08,A-高,同日同股金额精确匹配
呼家楼,游资别名/路线席位,84,历史标签,否（历史标签）,,中信证券股份有限公司北京总部证券营业部,中信证券股份有限公司北京总部证券营业部,4,4,0,4,0,4,2025-01-09,2025-09-15,6.3e-05,0.000154,10.81,A-高,同日同股金额精确匹配
呼家楼,游资别名/路线席位,84,历史标签,否（历史标签）,,东方财富证券股份有限公司拉萨金融城南环路证券营业部,东方财富证券股份有限公司拉萨金融城南环路证券营业部,1,1,0,1,0,0,2025-07-31,2025-07-31,1.461484,1.461484,2.7,C-低,同日同股金额近似匹配
呼家楼,游资别名/路线席位,84,历史标签,否（历史标签）,,中信建投证券股份有限公司北京朝外大街证券营业部,中信建投证券股份有限公司北京朝外大街证券营业部,1,1,0,1,0,1,2025-07-11,2025-07-11,0.000137,0.000137,2.7,C-低,同日同股金额精确匹配
呼家楼,游资别名/路线席位,84,历史标签,否（历史标签）,,中信证券股份有限公司北京呼家楼证券营业部,中信证券股份有限公司北京呼家楼证券营业部,1,1,0,1,1,1,2025-03-04,2025-03-04,7.6e-05,7.6e-05,2.7,B-中,营业部名称直接含标签；同日同股金额精确匹配
大小说家,游资别名/路线席位,98,历史标签,否（历史标签）,,中信建投证券股份有限公司福州东街证券营业部,中信建投证券股份有限公司福州东街证券营业部,2,2,0,2,0,2,2025-04-17,2025-04-22,0.000144,0.00023,100.0,B-中,同日同股金额精确匹配
毛老板,游资别名/路线席位,81,历史标签,否（历史标签）,,国泰君安证券股份有限公司北京光华路证券营业部,国泰系北京光华路证券营业部,13,13,0,13,0,13,2025-01-02,2025-02-21,8.3e-05,0.000443,81.25,A-高,同日同股金额精确匹配
毛老板,游资别名/路线席位,81,历史标签,否（历史标签）,,方正证券股份有限公司乐山龙游路证券营业部,方正证券股份有限公司乐山龙游路证券营业部,2,2,0,2,0,2,2025-01-16,2025-02-24,4.5e-05,5.7e-05,12.5,B-中,同日同股金额精确匹配
毛老板,游资别名/路线席位,81,历史标签,否（历史标签）,,东方财富证券股份有限公司拉萨团结路第一证券营业部,东方财富证券股份有限公司拉萨团结路第一证券营业部,1,1,0,1,0,0,2025-01-27,2025-01-27,1.66551,1.66551,6.25,C-低,同日同股金额近似匹配
流沙河,游资别名/路线席位,49,历史标签,否（历史标签）,,中国银河证券股份有限公司绍兴证券营业部,中国银河证券股份有限公司绍兴证券营业部,146,146,0,146,0,146,2025-01-02,2025-10-28,8.2e-05,0.000449,100.0,A-高,同日同股金额精确匹配
相城大道,游资别名/路线席位,105,历史标签,否（历史标签）,,东吴证券股份有限公司苏州相城大道证券营业部,东吴证券股份有限公司苏州相城大道证券营业部,8,8,0,8,8,8,2025-12-29,2026-01-23,5.7e-05,0.000146,100.0,A-高,营业部名称直接含标签；同日同股金额精确匹配
血牛,游资别名/路线席位,104,历史标签,否（历史标签）,,国泰海通证券股份有限公司重庆观音桥步行街证券营业部,国泰系重庆观音桥步行街证券营业部,2,2,0,2,0,2,2025-12-26,2025-12-30,0.000114,0.000161,100.0,B-中,同日同股金额精确匹配
西湖国贸,游资别名/路线席位,58,历史标签,否（历史标签）,,财信证券股份有限公司杭州西湖国贸中心证券营业部,财信证券股份有限公司杭州西湖国贸中心证券营业部,1,1,0,1,1,1,2025-01-16,2025-01-16,0.000422,0.000422,100.0,B-中,营业部名称直接含标签；同日同股金额精确匹配
鑫多多,游资别名/路线席位,99,历史标签,否（历史标签）,,广发证券股份有限公司南京汉中路证券营业部,广发证券股份有限公司南京汉中路证券营业部,29,29,0,29,0,29,2025-05-22,2026-04-15,7.7e-05,0.000283,78.38,A-高,同日同股金额精确匹配
鑫多多,游资别名/路线席位,99,历史标签,否（历史标签）,,中泰证券股份有限公司烟台正阳路证券营业部,中泰证券股份有限公司烟台正阳路证券营业部,3,3,0,3,0,3,2025-06-17,2025-08-01,0.00023,0.000316,8.11,A-高,同日同股金额精确匹配
鑫多多,游资别名/路线席位,99,历史标签,否（历史标签）,,中泰证券股份有限公司烟台南大街证券营业部,中泰证券股份有限公司烟台南大街证券营业部,2,2,0,2,0,2,2025-08-15,2025-08-21,2.7e-05,4.4e-05,5.41,B-中,同日同股金额精确匹配
鑫多多,游资别名/路线席位,99,历史标签,否（历史标签）,,川财证券有限责任公司北京分公司,川财证券有限责任公司北京分公司,2,2,0,2,0,2,2025-07-08,2025-10-22,4.2e-05,8.3e-05,5.41,B-中,同日同股金额精确匹配
鑫多多,游资别名/路线席位,99,历史标签,否（历史标签）,,国信证券股份有限公司浙江互联网分公司,国信证券股份有限公司浙江互联网分公司,1,1,0,1,0,0,2025-12-12,2025-12-12,0.590573,0.590573,2.7,C-低,同日同股金额近似匹配
陈小群,游资别名/路线席位,73,历史标签,否（历史标签）,,中国银河证券股份有限公司大连黄河路证券营业部,中国银河证券股份有限公司大连黄河路证券营业部,191,191,0,191,0,191,2025-01-02,2026-01-23,5.9e-05,0.000411,88.43,A-高,同日同股金额精确匹配
陈小群,游资别名/路线席位,73,历史标签,否（历史标签）,,中国银河证券股份有限公司沈阳大北关街证券营业部,中国银河证券股份有限公司沈阳大北关街证券营业部,24,24,0,24,0,24,2025-05-19,2025-06-06,6.8e-05,0.000288,11.11,A-高,同日同股金额精确匹配
陈小群,游资别名/路线席位,73,历史标签,否（历史标签）,,东方财富证券股份有限公司拉萨团结路第一证券营业部,东方财富证券股份有限公司拉萨团结路第一证券营业部,1,1,0,1,0,0,2025-02-17,2025-02-17,2.492373,2.492373,0.46,C-低,同日同股金额近似匹配
